-- portal.menu_menu
-- Atualiza existentes
UPDATE portal.menu_menu SET nm_menu = 'Todos', title = '', ref_cod_menu_pai = null, caminho = '#', ord_menu = 9999, ativo = false, icon_class = null WHERE cod_menu_menu = 1;
UPDATE portal.menu_menu SET nm_menu = 'Agenda', title = 'Agendas', ref_cod_menu_pai = null, caminho = '#', ord_menu = 9999, ativo = false, icon_class = null WHERE cod_menu_menu = 5;
UPDATE portal.menu_menu SET nm_menu = 'Pessoas', title = 'Pessoas Físicas e Jurídicas', ref_cod_menu_pai = null, caminho = '/intranet/educar_pessoas_index.php', ord_menu = 3, ativo = true, icon_class = 'fa-user' WHERE cod_menu_menu = 7;
UPDATE portal.menu_menu SET nm_menu = 'Principal', title = '', ref_cod_menu_pai = null, caminho = '#', ord_menu = 9999, ativo = false, icon_class = null WHERE cod_menu_menu = 23;
UPDATE portal.menu_menu SET nm_menu = 'Configurações', title = 'Sistemas do RH', ref_cod_menu_pai = null, caminho = '/intranet/educar_configuracoes_index.php', ord_menu = 9, ativo = true, icon_class = 'fa-gear' WHERE cod_menu_menu = 25;
UPDATE portal.menu_menu SET nm_menu = 'i-Pauta', title = '', ref_cod_menu_pai = null, caminho = '#', ord_menu = 9999, ativo = false, icon_class = null WHERE cod_menu_menu = 38;
UPDATE portal.menu_menu SET nm_menu = 'Escola', title = null, ref_cod_menu_pai = null, caminho = '/intranet/educar_index.php', ord_menu = 4, ativo = true, icon_class = 'fa-leanpub' WHERE cod_menu_menu = 55;
UPDATE portal.menu_menu SET nm_menu = 'i-Educar - Controle', title = null, ref_cod_menu_pai = null, caminho = '#', ord_menu = 9999, ativo = false, icon_class = null WHERE cod_menu_menu = 56;
UPDATE portal.menu_menu SET nm_menu = 'Biblioteca', title = null, ref_cod_menu_pai = null, caminho = '/intranet/educar_biblioteca_index.php', ord_menu = 8, ativo = true, icon_class = 'fa-book' WHERE cod_menu_menu = 57;
UPDATE portal.menu_menu SET nm_menu = 'Endereçamento', title = '', ref_cod_menu_pai = null, caminho = '/intranet/educar_enderecamento_index.php', ord_menu = 2, ativo = true, icon_class = 'fa-map' WHERE cod_menu_menu = 68;
UPDATE portal.menu_menu SET nm_menu = 'Transporte escolar', title = null, ref_cod_menu_pai = null, caminho = '/intranet/educar_transporte_escolar_index.php', ord_menu = 7, ativo = true, icon_class = 'fa-bus' WHERE cod_menu_menu = 69;
-- Insere novos
INSERT INTO portal.menu_menu (cod_menu_menu, nm_menu, title, ref_cod_menu_pai, caminho, ord_menu, ativo, icon_class) VALUES (70, 'Educacenso', null, null, '/intranet/educar_educacenso_index.php', 6, true, 'fa-bar-chart');
INSERT INTO portal.menu_menu (cod_menu_menu, nm_menu, title, ref_cod_menu_pai, caminho, ord_menu, ativo, icon_class) VALUES (71, 'Servidores', '', null, '/intranet/educar_servidores_index.php', 5, true, 'fa-users');

-- pmicontrolesis.tutormenu
-- Insere novos
INSERT INTO pmicontrolesis.tutormenu (cod_tutormenu, nm_tutormenu) VALUES (18, 'Configurações');
INSERT INTO pmicontrolesis.tutormenu (cod_tutormenu, nm_tutormenu) VALUES (19, 'Servidores');
INSERT INTO pmicontrolesis.tutormenu (cod_tutormenu, nm_tutormenu) VALUES (20, 'Pessoas');
INSERT INTO pmicontrolesis.tutormenu (cod_tutormenu, nm_tutormenu) VALUES (21, 'Endereçamento');
INSERT INTO pmicontrolesis.tutormenu (cod_tutormenu, nm_tutormenu) VALUES (22, 'Educacenso');

-- portal.menu_submenu
-- Insere novos
INSERT INTO portal.menu_submenu (cod_menu_submenu, ref_cod_menu_menu, cod_sistema, nm_submenu, arquivo, title, nivel) VALUES (9998851, 25, 2, 'Auditoria geral', 'educar_auditoria_geral_lst.php', null, 3);
INSERT INTO portal.menu_submenu (cod_menu_submenu, ref_cod_menu_menu, cod_sistema, nm_submenu, arquivo, title, nivel) VALUES (9998858, 25, 2, 'Backups', 'educar_backup_lst.php', '', 3);
INSERT INTO portal.menu_submenu (cod_menu_submenu, ref_cod_menu_menu, cod_sistema, nm_submenu, arquivo, title, nivel) VALUES (9998849, 70, 2, 'Importação educacenso', 'educar_importacao_educacenso.php', null, 3);
INSERT INTO portal.menu_submenu (cod_menu_submenu, ref_cod_menu_menu, cod_sistema, nm_submenu, arquivo, title, nivel) VALUES (9998859, 55, 2, 'Componentes da série', 'educar_componentes_serie_lst.php', null, 3);
INSERT INTO portal.menu_submenu (cod_menu_submenu, ref_cod_menu_menu, cod_sistema, nm_submenu, arquivo, title, nivel) VALUES (759, 68, 2, 'Distritos', 'public_distrito_lst.php', null, 3);
INSERT INTO portal.menu_submenu (cod_menu_submenu, ref_cod_menu_menu, cod_sistema, nm_submenu, arquivo, title, nivel) VALUES (21251, 55, 2, 'Bloqueio do ano letivo', 'educar_bloqueio_ano_letivo_lst.php', '', 3);
INSERT INTO portal.menu_submenu (cod_menu_submenu, ref_cod_menu_menu, cod_sistema, nm_submenu, arquivo, title, nivel) VALUES (21250, 55, 2, 'Tipos de projeto do aluno', 'educar_projeto_lst.php', '', 3);
INSERT INTO portal.menu_submenu (cod_menu_submenu, ref_cod_menu_menu, cod_sistema, nm_submenu, arquivo, title, nivel) VALUES (950, 55, 2, 'Tipos de abandono da matrícula', 'educar_abandono_tipo_lst.php', null, 3);
INSERT INTO portal.menu_submenu (cod_menu_submenu, ref_cod_menu_menu, cod_sistema, nm_submenu, arquivo, title, nivel) VALUES (21246, 69, 2, 'Cópia de rotas do transporte', 'transporte_copia_rotas.php', null, 3);
INSERT INTO portal.menu_submenu (cod_menu_submenu, ref_cod_menu_menu, cod_sistema, nm_submenu, arquivo, title, nivel) VALUES (761, 68, 2, 'Unificação de bairros', 'educar_unifica_bairro.php', null, 3);
INSERT INTO portal.menu_submenu (cod_menu_submenu, ref_cod_menu_menu, cod_sistema, nm_submenu, arquivo, title, nivel) VALUES (762, 68, 2, 'Unificação de logradouros', 'educar_unifica_logradouro.php', null, 3);
INSERT INTO portal.menu_submenu (cod_menu_submenu, ref_cod_menu_menu, cod_sistema, nm_submenu, arquivo, title, nivel) VALUES (626, 55, 0, 'Alterar datas de entrada/saída de matrículas', '', null, 3);
INSERT INTO portal.menu_submenu (cod_menu_submenu, ref_cod_menu_menu, cod_sistema, nm_submenu, arquivo, title, nivel) VALUES (627, 55, 0, 'Cancelar matrícula', '', null, 3);
INSERT INTO portal.menu_submenu (cod_menu_submenu, ref_cod_menu_menu, cod_sistema, nm_submenu, arquivo, title, nivel) VALUES (21253, 55, 2, 'Vagas por série/ano', 'educar_serie_vaga_lst.php', '', 3);
INSERT INTO portal.menu_submenu (cod_menu_submenu, ref_cod_menu_menu, cod_sistema, nm_submenu, arquivo, title, nivel) VALUES (999847, 55, 2, 'Unificação de alunos', 'educar_unifica_aluno.php', null, 3);
INSERT INTO portal.menu_submenu (cod_menu_submenu, ref_cod_menu_menu, cod_sistema, nm_submenu, arquivo, title, nivel) VALUES (630, 55, 0, 'Alterar média final do aluno e situação (para regras de avaliação manuais)', '', null, 3);
INSERT INTO portal.menu_submenu (cod_menu_submenu, ref_cod_menu_menu, cod_sistema, nm_submenu, arquivo, title, nivel) VALUES (999849, 55, 0, 'Permitir lançamento de notas/faltas fora do período de bloqueio por etapa', '', null, 3);
INSERT INTO portal.menu_submenu (cod_menu_submenu, ref_cod_menu_menu, cod_sistema, nm_submenu, arquivo, title, nivel) VALUES (644, 25, 2, 'Atualização de matrículas', 'module/Avaliacao/Promocao', '', 3);
INSERT INTO portal.menu_submenu (cod_menu_submenu, ref_cod_menu_menu, cod_sistema, nm_submenu, arquivo, title, nivel) VALUES (760, 68, 2, 'Setores', 'public_setor_lst.php', null, 3);
INSERT INTO portal.menu_submenu (cod_menu_submenu, ref_cod_menu_menu, cod_sistema, nm_submenu, arquivo, title, nivel) VALUES (999873, 25, 2, 'Configurações gerais', 'educar_configuracoes_gerais.php', null, 3);
INSERT INTO portal.menu_submenu (cod_menu_submenu, ref_cod_menu_menu, cod_sistema, nm_submenu, arquivo, title, nivel) VALUES (999878, 55, 0, 'Permitir editar endereço no cadastro de pessoa física', '', null, 3);
INSERT INTO portal.menu_submenu (cod_menu_submenu, ref_cod_menu_menu, cod_sistema, nm_submenu, arquivo, title, nivel) VALUES (15891, 57, 2, 'Tipos de situação de exemplar', 'educar_situacao_lst.php', null, 3);
INSERT INTO portal.menu_submenu (cod_menu_submenu, ref_cod_menu_menu, cod_sistema, nm_submenu, arquivo, title, nivel) VALUES (999869, 25, 2, 'Exportação de usuários', 'educar_exportacao_usuarios.php', null, 3);
INSERT INTO portal.menu_submenu (cod_menu_submenu, ref_cod_menu_menu, cod_sistema, nm_submenu, arquivo, title, nivel) VALUES (999867, 57, 2, 'Categorias de obras', 'educar_categoria_lst.php', null, 3);
INSERT INTO portal.menu_submenu (cod_menu_submenu, ref_cod_menu_menu, cod_sistema, nm_submenu, arquivo, title, nivel) VALUES (846, 70, 2, 'Exportação do educacenso - 1ª fase', 'educar_exportacao_educacenso.php', null, 2);
INSERT INTO portal.menu_submenu (cod_menu_submenu, ref_cod_menu_menu, cod_sistema, nm_submenu, arquivo, title, nivel) VALUES (9998845, 70, 2, 'Exportação do educacenso - 2ª fase', 'educar_exportacao_educacenso.php?fase2=1', null, 2);
INSERT INTO portal.menu_submenu (cod_menu_submenu, ref_cod_menu_menu, cod_sistema, nm_submenu, arquivo, title, nivel) VALUES (999861, 55, 2, 'Documentação padrão', 'DocumentacaoPadrao.php', null, 3);
INSERT INTO portal.menu_submenu (cod_menu_submenu, ref_cod_menu_menu, cod_sistema, nm_submenu, arquivo, title, nivel) VALUES (21145, 55, 2, 'Lançamento de ocorrências disciplinares', 'educar_matricula_ocorrencia_disciplinar_cad.php', null, 3);
INSERT INTO portal.menu_submenu (cod_menu_submenu, ref_cod_menu_menu, cod_sistema, nm_submenu, arquivo, title, nivel) VALUES (999848, 55, 2, 'Bloqueio de lançamento de notas e faltas', 'educar_bloqueio_lancamento_faltas_notas_lst.php', null, 3);
INSERT INTO portal.menu_submenu (cod_menu_submenu, ref_cod_menu_menu, cod_sistema, nm_submenu, arquivo, title, nivel) VALUES (9998867, 25, 2, 'Configuração movimento geral', 'module/Configuracao/ConfiguracaoMovimentoGeral', null, 3);
INSERT INTO portal.menu_submenu (cod_menu_submenu, ref_cod_menu_menu, cod_sistema, nm_submenu, arquivo, title, nivel) VALUES (9998869, 25, 2, 'Customização de labels', 'educar_configuracoes_labels.php', null, 3);
INSERT INTO portal.menu_submenu (cod_menu_submenu, ref_cod_menu_menu, cod_sistema, nm_submenu, arquivo, title, nivel) VALUES (9998878, 7, 2, 'Unificação de pessoas', 'educar_unifica_pessoa.php', null, 3);
INSERT INTO portal.menu_submenu (cod_menu_submenu, ref_cod_menu_menu, cod_sistema, nm_submenu, arquivo, title, nivel) VALUES (9998879, 25, 2, 'Relatorio de exemplo', 'module/Reports/RelatorioExemplo', null, 3);
INSERT INTO portal.menu_submenu (cod_menu_submenu, ref_cod_menu_menu, cod_sistema, nm_submenu, arquivo, title, nivel) VALUES (9998881, 25, 2, 'Relatorio de teste PhpJasper', 'module/Reports/TestePhpJasper', null, 3);
-- Atualiza antigos
UPDATE portal.menu_submenu SET ref_cod_menu_menu = 1, cod_sistema = 0, nm_submenu = 'Super usuário', arquivo = '', title = '', nivel = 3 WHERE cod_menu_submenu = 0;
UPDATE portal.menu_submenu SET ref_cod_menu_menu = 23, cod_sistema = 2, nm_submenu = 'Minha agenda', arquivo = 'agenda.php', title = '', nivel = 2 WHERE cod_menu_submenu = 155;
UPDATE portal.menu_submenu SET ref_cod_menu_menu = 23, cod_sistema = 2, nm_submenu = 'Minhas conexões', arquivo = 'conexoes_lst.php', title = 'Minhas Conexões', nivel = 2 WHERE cod_menu_submenu = 157;
UPDATE portal.menu_submenu SET ref_cod_menu_menu = 23, cod_sistema = 2, nm_submenu = 'Preferências', arquivo = 'opcao_menu_lst.php', title = '', nivel = 2 WHERE cod_menu_submenu = 475;
UPDATE portal.menu_submenu SET ref_cod_menu_menu = 38, cod_sistema = 2, nm_submenu = 'Super usuário ', arquivo = 'otopic_su_lst.php', title = '', nivel = 3 WHERE cod_menu_submenu = 335;
UPDATE portal.menu_submenu SET ref_cod_menu_menu = 55, cod_sistema = 2, nm_submenu = 'Material didático', arquivo = 'educar_material_didatico_lst.php', title = '', nivel = 3 WHERE cod_menu_submenu = 569;
UPDATE portal.menu_submenu SET ref_cod_menu_menu = 69, cod_sistema = 2, nm_submenu = 'Empresas do transporte', arquivo = 'transporte_empresa_lst.php', title = null, nivel = 3 WHERE cod_menu_submenu = 21235;
UPDATE portal.menu_submenu SET ref_cod_menu_menu = 69, cod_sistema = 2, nm_submenu = 'Motoristas do transporte', arquivo = 'transporte_motorista_lst.php', title = null, nivel = 3 WHERE cod_menu_submenu = 21236;
UPDATE portal.menu_submenu SET ref_cod_menu_menu = 55, cod_sistema = 2, nm_submenu = 'Tipo material didático', arquivo = 'educar_material_tipo_lst.php', title = '', nivel = 3 WHERE cod_menu_submenu = 563;
UPDATE portal.menu_submenu SET ref_cod_menu_menu = 69, cod_sistema = 2, nm_submenu = 'Veículos do transporte', arquivo = 'transporte_veiculo_lst.php', title = null, nivel = 3 WHERE cod_menu_submenu = 21237;
UPDATE portal.menu_submenu SET ref_cod_menu_menu = 55, cod_sistema = 2, nm_submenu = 'Instituição', arquivo = 'educar_instituicao_lst.php', title = '', nivel = 3 WHERE cod_menu_submenu = 559;
UPDATE portal.menu_submenu SET ref_cod_menu_menu = 55, cod_sistema = 2, nm_submenu = 'Apresentação', arquivo = 'educar_index.php', title = '', nivel = 2 WHERE cod_menu_submenu = 624;
UPDATE portal.menu_submenu SET ref_cod_menu_menu = 55, cod_sistema = 2, nm_submenu = 'Componentes curriculares', arquivo = 'educar_componente_curricular_lst.php', title = '', nivel = 3 WHERE cod_menu_submenu = 946;
UPDATE portal.menu_submenu SET ref_cod_menu_menu = 55, cod_sistema = 2, nm_submenu = 'Rematrícula automática', arquivo = 'educar_avancar_mod_cad.php', title = 'Rematrícula Automática', nivel = 3 WHERE cod_menu_submenu = 845;
UPDATE portal.menu_submenu SET ref_cod_menu_menu = 57, cod_sistema = 2, nm_submenu = 'Exemplares', arquivo = 'educar_exemplar_lst.php', title = '', nivel = 3 WHERE cod_menu_submenu = 606;
UPDATE portal.menu_submenu SET ref_cod_menu_menu = 57, cod_sistema = 2, nm_submenu = 'Situação', arquivo = 'educar_situacao_lst.php', title = '', nivel = 3 WHERE cod_menu_submenu = 602;
UPDATE portal.menu_submenu SET ref_cod_menu_menu = 57, cod_sistema = 2, nm_submenu = 'Obras', arquivo = 'educar_acervo_lst.php', title = '', nivel = 3 WHERE cod_menu_submenu = 598;
UPDATE portal.menu_submenu SET ref_cod_menu_menu = 57, cod_sistema = 2, nm_submenu = 'Apresentação', arquivo = 'educar_biblioteca_index.php', title = '', nivel = 2 WHERE cod_menu_submenu = 625;
UPDATE portal.menu_submenu SET ref_cod_menu_menu = 55, cod_sistema = 2, nm_submenu = 'Regras de avaliação', arquivo = 'module/RegraAvaliacao/index', title = '', nivel = 3 WHERE cod_menu_submenu = 947;
UPDATE portal.menu_submenu SET ref_cod_menu_menu = 55, cod_sistema = 2, nm_submenu = 'Tabelas de arredondamento de nota', arquivo = 'module/TabelaArredondamento/index', title = '', nivel = 3 WHERE cod_menu_submenu = 949;
UPDATE portal.menu_submenu SET ref_cod_menu_menu = 5, cod_sistema = 2, nm_submenu = 'Agendas', arquivo = 'agenda_responsavel.php', title = null, nivel = 2 WHERE cod_menu_submenu = 341;
UPDATE portal.menu_submenu SET ref_cod_menu_menu = 5, cod_sistema = 2, nm_submenu = 'Agenda admin', arquivo = 'agenda_admin_lst.php', title = null, nivel = 3 WHERE cod_menu_submenu = 343;
UPDATE portal.menu_submenu SET ref_cod_menu_menu = 5, cod_sistema = 2, nm_submenu = 'Agenda pessoal', arquivo = 'agenda.php', title = 'Agenda pessoal', nivel = 2 WHERE cod_menu_submenu = 345;
UPDATE portal.menu_submenu SET ref_cod_menu_menu = 69, cod_sistema = 2, nm_submenu = 'Apresentação', arquivo = 'transporte_index.php', title = null, nivel = 2 WHERE cod_menu_submenu = 21234;
UPDATE portal.menu_submenu SET ref_cod_menu_menu = 71, cod_sistema = 2, nm_submenu = 'Funções do servidor', arquivo = 'educar_funcao_lst.php', title = '', nivel = 3 WHERE cod_menu_submenu = 634;
UPDATE portal.menu_submenu SET ref_cod_menu_menu = 71, cod_sistema = 2, nm_submenu = 'Escolaridade do servidor', arquivo = 'educar_escolaridade_lst.php', title = '', nivel = 3 WHERE cod_menu_submenu = 632;
UPDATE portal.menu_submenu SET ref_cod_menu_menu = 71, cod_sistema = 2, nm_submenu = 'Categoria ou níveis do servidor', arquivo = 'educar_categoria_nivel_lst.php', title = '', nivel = 3 WHERE cod_menu_submenu = 829;
UPDATE portal.menu_submenu SET ref_cod_menu_menu = 71, cod_sistema = 2, nm_submenu = 'Motivos de afastamento do servidor', arquivo = 'educar_motivo_afastamento_lst.php', title = '', nivel = 3 WHERE cod_menu_submenu = 633;
UPDATE portal.menu_submenu SET ref_cod_menu_menu = 71, cod_sistema = 2, nm_submenu = 'Servidores', arquivo = 'educar_servidor_lst.php', title = '', nivel = 3 WHERE cod_menu_submenu = 635;
UPDATE portal.menu_submenu SET ref_cod_menu_menu = 71, cod_sistema = 2, nm_submenu = 'Quadros de horários', arquivo = 'educar_quadro_horario_lst.php', title = '', nivel = 3 WHERE cod_menu_submenu = 641;
UPDATE portal.menu_submenu SET ref_cod_menu_menu = 55, cod_sistema = 2, nm_submenu = 'Fórmulas de cálculo de média', arquivo = 'module/FormulaMedia/index', title = '', nivel = 3 WHERE cod_menu_submenu = 948;
UPDATE portal.menu_submenu SET ref_cod_menu_menu = 55, cod_sistema = 2, nm_submenu = 'Tipos de dispensa da disciplina', arquivo = 'educar_tipo_dispensa_lst.php', title = '', nivel = 3 WHERE cod_menu_submenu = 577;
UPDATE portal.menu_submenu SET ref_cod_menu_menu = 7, cod_sistema = 2, nm_submenu = 'Pessoas físicas', arquivo = 'atendidos_lst.php', title = '', nivel = 3 WHERE cod_menu_submenu = 43;
UPDATE portal.menu_submenu SET ref_cod_menu_menu = 7, cod_sistema = 2, nm_submenu = 'Pessoas jurídicas', arquivo = 'empresas_lst.php', title = '', nivel = 3 WHERE cod_menu_submenu = 41;
UPDATE portal.menu_submenu SET ref_cod_menu_menu = 68, cod_sistema = 2, nm_submenu = 'Países', arquivo = 'public_pais_lst.php', title = '', nivel = 3 WHERE cod_menu_submenu = 753;
UPDATE portal.menu_submenu SET ref_cod_menu_menu = 68, cod_sistema = 2, nm_submenu = 'Estados', arquivo = 'public_uf_lst.php', title = '', nivel = 3 WHERE cod_menu_submenu = 754;
UPDATE portal.menu_submenu SET ref_cod_menu_menu = 68, cod_sistema = 2, nm_submenu = 'Municípios', arquivo = 'public_municipio_lst.php', title = '', nivel = 3 WHERE cod_menu_submenu = 755;
UPDATE portal.menu_submenu SET ref_cod_menu_menu = 68, cod_sistema = 2, nm_submenu = 'Bairros', arquivo = 'public_bairro_lst.php', title = '', nivel = 3 WHERE cod_menu_submenu = 756;
UPDATE portal.menu_submenu SET ref_cod_menu_menu = 68, cod_sistema = 2, nm_submenu = 'Logradouros', arquivo = 'public_logradouro_lst.php', title = '', nivel = 3 WHERE cod_menu_submenu = 757;
UPDATE portal.menu_submenu SET ref_cod_menu_menu = 68, cod_sistema = 2, nm_submenu = 'CEP', arquivo = 'urbano_cep_logradouro_lst.php', title = '', nivel = 3 WHERE cod_menu_submenu = 758;
UPDATE portal.menu_submenu SET ref_cod_menu_menu = 55, cod_sistema = 2, nm_submenu = 'Tipos de benefício do aluno', arquivo = 'educar_aluno_beneficio_lst.php', title = '', nivel = 3 WHERE cod_menu_submenu = 581;
UPDATE portal.menu_submenu SET ref_cod_menu_menu = 55, cod_sistema = 2, nm_submenu = 'Tipos de transferência da matrícula', arquivo = 'educar_transferencia_tipo_lst.php', title = '', nivel = 3 WHERE cod_menu_submenu = 575;
UPDATE portal.menu_submenu SET ref_cod_menu_menu = 55, cod_sistema = 2, nm_submenu = 'Tipos de ocorrência disciplinar da matrícula', arquivo = 'educar_tipo_ocorrencia_disciplinar_lst.php', title = '', nivel = 3 WHERE cod_menu_submenu = 580;
UPDATE portal.menu_submenu SET ref_cod_menu_menu = 55, cod_sistema = 2, nm_submenu = 'Áreas de conhecimento da disciplina', arquivo = 'module/AreaConhecimento/index', title = '', nivel = 3 WHERE cod_menu_submenu = 945;
UPDATE portal.menu_submenu SET ref_cod_menu_menu = 55, cod_sistema = 2, nm_submenu = 'Tipos de habilitação do curso', arquivo = 'educar_habilitacao_lst.php', title = '', nivel = 3 WHERE cod_menu_submenu = 573;
UPDATE portal.menu_submenu SET ref_cod_menu_menu = 55, cod_sistema = 2, nm_submenu = 'Tipos de regime do curso', arquivo = 'educar_tipo_regime_lst.php', title = '', nivel = 3 WHERE cod_menu_submenu = 568;
UPDATE portal.menu_submenu SET ref_cod_menu_menu = 55, cod_sistema = 2, nm_submenu = 'Tipos de ensino do curso', arquivo = 'educar_tipo_ensino_lst.php', title = '', nivel = 3 WHERE cod_menu_submenu = 558;
UPDATE portal.menu_submenu SET ref_cod_menu_menu = 55, cod_sistema = 2, nm_submenu = 'Tipos de nível ensino do curso', arquivo = 'educar_nivel_ensino_lst.php', title = '', nivel = 3 WHERE cod_menu_submenu = 571;
UPDATE portal.menu_submenu SET ref_cod_menu_menu = 55, cod_sistema = 2, nm_submenu = 'Tipos de localização da escola', arquivo = 'educar_escola_localizacao_lst.php', title = '', nivel = 3 WHERE cod_menu_submenu = 562;
UPDATE portal.menu_submenu SET ref_cod_menu_menu = 55, cod_sistema = 2, nm_submenu = 'Tipos de módulos da escola', arquivo = 'educar_modulo_lst.php', title = '', nivel = 3 WHERE cod_menu_submenu = 584;
UPDATE portal.menu_submenu SET ref_cod_menu_menu = 55, cod_sistema = 2, nm_submenu = 'Enturmações em lote', arquivo = 'educar_matriculas_turma_lst.php', title = '', nivel = 3 WHERE cod_menu_submenu = 659;
UPDATE portal.menu_submenu SET ref_cod_menu_menu = 7, cod_sistema = 2, nm_submenu = 'Tipos de cor ou raça da pessoa', arquivo = 'educar_raca_lst.php', title = '', nivel = 3 WHERE cod_menu_submenu = 678;
UPDATE portal.menu_submenu SET ref_cod_menu_menu = 7, cod_sistema = 2, nm_submenu = 'Tipos de deficiência da pessoa', arquivo = 'educar_deficiencia_lst.php', title = '', nivel = 3 WHERE cod_menu_submenu = 631;
UPDATE portal.menu_submenu SET ref_cod_menu_menu = 7, cod_sistema = 2, nm_submenu = 'Tipos de religião da pessoa', arquivo = 'educar_religiao_lst.php', title = '', nivel = 3 WHERE cod_menu_submenu = 579;
UPDATE portal.menu_submenu SET ref_cod_menu_menu = 69, cod_sistema = 2, nm_submenu = 'Usuários de transporte', arquivo = 'transporte_pessoa_lst.php', title = null, nivel = 3 WHERE cod_menu_submenu = 21240;
UPDATE portal.menu_submenu SET ref_cod_menu_menu = 69, cod_sistema = 2, nm_submenu = 'Rotas do transporte', arquivo = 'transporte_rota_lst.php', title = null, nivel = 3 WHERE cod_menu_submenu = 21238;
UPDATE portal.menu_submenu SET ref_cod_menu_menu = 69, cod_sistema = 2, nm_submenu = 'Pontos do transporte', arquivo = 'transporte_ponto_lst.php', title = null, nivel = 3 WHERE cod_menu_submenu = 21239;
UPDATE portal.menu_submenu SET ref_cod_menu_menu = 55, cod_sistema = 2, nm_submenu = 'Lançamento de faltas e notas', arquivo = 'module/Avaliacao/diario', title = '', nivel = 3 WHERE cod_menu_submenu = 642;
UPDATE portal.menu_submenu SET ref_cod_menu_menu = 55, cod_sistema = 2, nm_submenu = 'Tipos de ambiente da escola', arquivo = 'educar_infra_comodo_funcao_lst.php', title = '', nivel = 3 WHERE cod_menu_submenu = 572;
UPDATE portal.menu_submenu SET ref_cod_menu_menu = 55, cod_sistema = 2, nm_submenu = 'Infraestrutura da escola', arquivo = 'educar_infra_predio_comodo_lst.php', title = '', nivel = 3 WHERE cod_menu_submenu = 574;
UPDATE portal.menu_submenu SET ref_cod_menu_menu = 25, cod_sistema = 2, nm_submenu = 'Tipos de usuário', arquivo = 'educar_tipo_usuario_lst.php', title = '', nivel = 3 WHERE cod_menu_submenu = 554;
UPDATE portal.menu_submenu SET ref_cod_menu_menu = 25, cod_sistema = 2, nm_submenu = 'Usuários', arquivo = 'educar_usuario_lst.php', title = '', nivel = 3 WHERE cod_menu_submenu = 555;
UPDATE portal.menu_submenu SET ref_cod_menu_menu = 57, cod_sistema = 2, nm_submenu = 'Assuntos de obras', arquivo = 'educar_acervo_assunto_lst.php', title = '', nivel = 3 WHERE cod_menu_submenu = 592;
UPDATE portal.menu_submenu SET ref_cod_menu_menu = 57, cod_sistema = 2, nm_submenu = 'Autores de obras', arquivo = 'educar_acervo_autor_lst.php', title = '', nivel = 3 WHERE cod_menu_submenu = 594;
UPDATE portal.menu_submenu SET ref_cod_menu_menu = 57, cod_sistema = 2, nm_submenu = 'Coleções de obras', arquivo = 'educar_acervo_colecao_lst.php', title = '', nivel = 3 WHERE cod_menu_submenu = 593;
UPDATE portal.menu_submenu SET ref_cod_menu_menu = 57, cod_sistema = 2, nm_submenu = 'Editoras de obras', arquivo = 'educar_acervo_editora_lst.php', title = '', nivel = 3 WHERE cod_menu_submenu = 595;
UPDATE portal.menu_submenu SET ref_cod_menu_menu = 57, cod_sistema = 2, nm_submenu = 'Idiomas de obras', arquivo = 'educar_acervo_idioma_lst.php', title = '', nivel = 3 WHERE cod_menu_submenu = 590;
UPDATE portal.menu_submenu SET ref_cod_menu_menu = 57, cod_sistema = 2, nm_submenu = 'Fontes de obras', arquivo = 'educar_fonte_lst.php', title = '', nivel = 3 WHERE cod_menu_submenu = 608;
UPDATE portal.menu_submenu SET ref_cod_menu_menu = 57, cod_sistema = 2, nm_submenu = 'Tipos de exemplar', arquivo = 'educar_exemplar_tipo_lst.php', title = '', nivel = 3 WHERE cod_menu_submenu = 597;
UPDATE portal.menu_submenu SET ref_cod_menu_menu = 57, cod_sistema = 2, nm_submenu = 'Motivos de baixa do exemplar', arquivo = 'educar_motivo_baixa_lst.php', title = '', nivel = 3 WHERE cod_menu_submenu = 600;
UPDATE portal.menu_submenu SET ref_cod_menu_menu = 57, cod_sistema = 2, nm_submenu = 'Tipos de cliente', arquivo = 'educar_cliente_tipo_lst.php', title = '', nivel = 3 WHERE cod_menu_submenu = 596;
UPDATE portal.menu_submenu SET ref_cod_menu_menu = 57, cod_sistema = 2, nm_submenu = 'Motivos de suspensão do cliente', arquivo = 'educar_motivo_suspensao_lst.php', title = '', nivel = 3 WHERE cod_menu_submenu = 607;
UPDATE portal.menu_submenu SET ref_cod_menu_menu = 57, cod_sistema = 2, nm_submenu = 'Bibliotecas', arquivo = 'educar_biblioteca_lst.php', title = '', nivel = 3 WHERE cod_menu_submenu = 591;
UPDATE portal.menu_submenu SET ref_cod_menu_menu = 57, cod_sistema = 2, nm_submenu = 'Clientes', arquivo = 'educar_cliente_lst.php', title = '', nivel = 3 WHERE cod_menu_submenu = 603;
UPDATE portal.menu_submenu SET ref_cod_menu_menu = 57, cod_sistema = 2, nm_submenu = 'Configurações de bibliotecas', arquivo = 'educar_biblioteca_dados_lst.php', title = '', nivel = 3 WHERE cod_menu_submenu = 629;
UPDATE portal.menu_submenu SET ref_cod_menu_menu = 57, cod_sistema = 2, nm_submenu = 'Reservas de exemplares', arquivo = 'educar_reservas_lst.php', title = '', nivel = 3 WHERE cod_menu_submenu = 609;
UPDATE portal.menu_submenu SET ref_cod_menu_menu = 57, cod_sistema = 2, nm_submenu = 'Empréstimos de exemplares', arquivo = 'module/Biblioteca/emprestimo', title = '', nivel = 3 WHERE cod_menu_submenu = 610;
UPDATE portal.menu_submenu SET ref_cod_menu_menu = 57, cod_sistema = 2, nm_submenu = 'Devoluções de exemplares', arquivo = 'educar_exemplar_devolucao_lst.php', title = '', nivel = 3 WHERE cod_menu_submenu = 628;
UPDATE portal.menu_submenu SET ref_cod_menu_menu = 57, cod_sistema = 2, nm_submenu = 'Dívidas de exemplares', arquivo = 'educar_pagamento_multa_lst.php', title = '', nivel = 3 WHERE cod_menu_submenu = 622;
UPDATE portal.menu_submenu SET ref_cod_menu_menu = 55, cod_sistema = 2, nm_submenu = 'Sequências de enturmação', arquivo = 'educar_sequencia_serie_lst.php', title = '', nivel = 3 WHERE cod_menu_submenu = 587;
UPDATE portal.menu_submenu SET ref_cod_menu_menu = 55, cod_sistema = 2, nm_submenu = 'Tipos de turma', arquivo = 'educar_turma_tipo_lst.php', title = '', nivel = 3 WHERE cod_menu_submenu = 570;
UPDATE portal.menu_submenu SET ref_cod_menu_menu = 55, cod_sistema = 2, nm_submenu = 'Prédios da escola', arquivo = 'educar_infra_predio_lst.php', title = '', nivel = 3 WHERE cod_menu_submenu = 567;
UPDATE portal.menu_submenu SET ref_cod_menu_menu = 55, cod_sistema = 2, nm_submenu = 'Tipos de evento do calendário', arquivo = 'educar_calendario_dia_motivo_lst.php', title = '', nivel = 3 WHERE cod_menu_submenu = 576;
UPDATE portal.menu_submenu SET ref_cod_menu_menu = 55, cod_sistema = 2, nm_submenu = 'Escolas', arquivo = 'educar_escola_lst.php', title = '', nivel = 3 WHERE cod_menu_submenu = 561;
UPDATE portal.menu_submenu SET ref_cod_menu_menu = 55, cod_sistema = 2, nm_submenu = 'Cursos', arquivo = 'educar_curso_lst.php', title = '', nivel = 3 WHERE cod_menu_submenu = 566;
UPDATE portal.menu_submenu SET ref_cod_menu_menu = 55, cod_sistema = 2, nm_submenu = 'Alunos', arquivo = 'educar_aluno_lst.php', title = '', nivel = 3 WHERE cod_menu_submenu = 578;
UPDATE portal.menu_submenu SET ref_cod_menu_menu = 55, cod_sistema = 2, nm_submenu = 'Tipos de rede de ensino da escola', arquivo = 'educar_escola_rede_ensino_lst.php', title = '', nivel = 3 WHERE cod_menu_submenu = 647;
UPDATE portal.menu_submenu SET ref_cod_menu_menu = 55, cod_sistema = 2, nm_submenu = 'Séries', arquivo = 'educar_serie_lst.php', title = '', nivel = 3 WHERE cod_menu_submenu = 583;
UPDATE portal.menu_submenu SET ref_cod_menu_menu = 55, cod_sistema = 2, nm_submenu = 'Turmas', arquivo = 'educar_turma_lst.php', title = '', nivel = 3 WHERE cod_menu_submenu = 586;
UPDATE portal.menu_submenu SET ref_cod_menu_menu = 55, cod_sistema = 2, nm_submenu = 'Calendários', arquivo = 'educar_calendario_ano_letivo_lst.php', title = '', nivel = 3 WHERE cod_menu_submenu = 620;
UPDATE portal.menu_submenu SET ref_cod_menu_menu = 55, cod_sistema = 2, nm_submenu = 'Processamento de históricos escolares', arquivo = 'module/HistoricoEscolar/processamento', title = null, nivel = 3 WHERE cod_menu_submenu = 999613;
UPDATE portal.menu_submenu SET ref_cod_menu_menu = 55, cod_sistema = 2, nm_submenu = 'Séries da escola', arquivo = 'educar_escola_serie_lst.php', title = '', nivel = 3 WHERE cod_menu_submenu = 585;

-- pmicontrolesis.menu
-- Insere novos
INSERT INTO pmicontrolesis.menu (cod_menu, tt_menu, ord_menu) VALUES (41, 'Pessoas jurídicas', 2);
INSERT INTO pmicontrolesis.menu (cod_menu, tt_menu, ord_menu) VALUES (43, 'Pessoas físicas', 1);
INSERT INTO pmicontrolesis.menu (cod_menu, tt_menu, ord_menu) VALUES (554, 'Tipos de usuário', 3);
INSERT INTO pmicontrolesis.menu (cod_menu, tt_menu, ord_menu) VALUES (555, 'Usuários', 3);
INSERT INTO pmicontrolesis.menu (cod_menu, tt_menu, ord_menu) VALUES (626, 'Alterar datas de entrada/saída de matrículas', 0);
INSERT INTO pmicontrolesis.menu (cod_menu, tt_menu, ord_menu) VALUES (627, 'Cancelar matrícula', 0);
INSERT INTO pmicontrolesis.menu (cod_menu, tt_menu, ord_menu) VALUES (630, 'Alterar média final do aluno e situação (para regras de avaliação manuais)', 0);
INSERT INTO pmicontrolesis.menu (cod_menu, tt_menu, ord_menu) VALUES (644, 'Atualização de matrículas', 2);
INSERT INTO pmicontrolesis.menu (cod_menu, tt_menu, ord_menu) VALUES (753, 'Países', 1);
INSERT INTO pmicontrolesis.menu (cod_menu, tt_menu, ord_menu) VALUES (754, 'Estados', 2);
INSERT INTO pmicontrolesis.menu (cod_menu, tt_menu, ord_menu) VALUES (755, 'Municípios', 3);
INSERT INTO pmicontrolesis.menu (cod_menu, tt_menu, ord_menu) VALUES (756, 'Bairros', 6);
INSERT INTO pmicontrolesis.menu (cod_menu, tt_menu, ord_menu) VALUES (757, 'Logradouros', 7);
INSERT INTO pmicontrolesis.menu (cod_menu, tt_menu, ord_menu) VALUES (758, 'CEP', 8);
INSERT INTO pmicontrolesis.menu (cod_menu, tt_menu, ord_menu) VALUES (759, 'Distritos', 4);
INSERT INTO pmicontrolesis.menu (cod_menu, tt_menu, ord_menu) VALUES (760, 'Setores', 5);
INSERT INTO pmicontrolesis.menu (cod_menu, tt_menu, ord_menu) VALUES (761, 'Unificação de bairros', 1);
INSERT INTO pmicontrolesis.menu (cod_menu, tt_menu, ord_menu) VALUES (762, 'Unificação de logradouros', 2);
INSERT INTO pmicontrolesis.menu (cod_menu, tt_menu, ord_menu) VALUES (846, '1ª fase - Matrícula inicial', 1);
INSERT INTO pmicontrolesis.menu (cod_menu, tt_menu, ord_menu) VALUES (21145, 'Ocorrências disciplinares', 0);
INSERT INTO pmicontrolesis.menu (cod_menu, tt_menu, ord_menu) VALUES (21244, 'Processos', 0);
INSERT INTO pmicontrolesis.menu (cod_menu, tt_menu, ord_menu) VALUES (21245, 'Tipos de abandono', 0);
INSERT INTO pmicontrolesis.menu (cod_menu, tt_menu, ord_menu) VALUES (21246, 'C&oacute;pia de rotas', 0);
INSERT INTO pmicontrolesis.menu (cod_menu, tt_menu, ord_menu) VALUES (21250, 'Tipos de projeto', 0);
INSERT INTO pmicontrolesis.menu (cod_menu, tt_menu, ord_menu) VALUES (21251, 'Bloqueio do ano letivo', 0);
INSERT INTO pmicontrolesis.menu (cod_menu, tt_menu, ord_menu) VALUES (21253, 'Vagas por série/ano', 2);
INSERT INTO pmicontrolesis.menu (cod_menu, tt_menu, ord_menu) VALUES (999301, 'Movimentações', 2);
INSERT INTO pmicontrolesis.menu (cod_menu, tt_menu, ord_menu) VALUES (999302, 'Servidores', 0);
INSERT INTO pmicontrolesis.menu (cod_menu, tt_menu, ord_menu) VALUES (999303, 'Indicadores', 6);
INSERT INTO pmicontrolesis.menu (cod_menu, tt_menu, ord_menu) VALUES (999500, 'Registros', 10);
INSERT INTO pmicontrolesis.menu (cod_menu, tt_menu, ord_menu) VALUES (999600, 'Carteiras', 4);
INSERT INTO pmicontrolesis.menu (cod_menu, tt_menu, ord_menu) VALUES (999800, 'Documentos CBAL', 7);
INSERT INTO pmicontrolesis.menu (cod_menu, tt_menu, ord_menu) VALUES (999807, 'Certificados', 5);
INSERT INTO pmicontrolesis.menu (cod_menu, tt_menu, ord_menu) VALUES (999811, 'Declarações', 0);
INSERT INTO pmicontrolesis.menu (cod_menu, tt_menu, ord_menu) VALUES (999827, 'Gerenciais', 0);
INSERT INTO pmicontrolesis.menu (cod_menu, tt_menu, ord_menu) VALUES (999831, 'Documentos', 4);
INSERT INTO pmicontrolesis.menu (cod_menu, tt_menu, ord_menu) VALUES (999847, 'Unificação de alunos', 0);
INSERT INTO pmicontrolesis.menu (cod_menu, tt_menu, ord_menu) VALUES (999848, 'Bloqueio de lançamento de notas e faltas', 0);
INSERT INTO pmicontrolesis.menu (cod_menu, tt_menu, ord_menu) VALUES (999849, 'Permitir lançamento de notas/faltas fora do período de bloqueio por etapa', 0);
INSERT INTO pmicontrolesis.menu (cod_menu, tt_menu, ord_menu) VALUES (999850, 'Termos', 0);
INSERT INTO pmicontrolesis.menu (cod_menu, tt_menu, ord_menu) VALUES (999852, 'Bloqueio do ano letivo', 0);
INSERT INTO pmicontrolesis.menu (cod_menu, tt_menu, ord_menu) VALUES (999858, 'Quantitativos', 0);
INSERT INTO pmicontrolesis.menu (cod_menu, tt_menu, ord_menu) VALUES (999861, 'Fichas', 8);
INSERT INTO pmicontrolesis.menu (cod_menu, tt_menu, ord_menu) VALUES (999865, 'Documentação padrão', 6);
INSERT INTO pmicontrolesis.menu (cod_menu, tt_menu, ord_menu) VALUES (999866, 'Categorias', 0);
INSERT INTO pmicontrolesis.menu (cod_menu, tt_menu, ord_menu) VALUES (999867, 'Categoria de obras', 0);
INSERT INTO pmicontrolesis.menu (cod_menu, tt_menu, ord_menu) VALUES (999869, 'Exportação de usuários', 1);
INSERT INTO pmicontrolesis.menu (cod_menu, tt_menu, ord_menu) VALUES (999873, 'Configurações gerais', 3);
INSERT INTO pmicontrolesis.menu (cod_menu, tt_menu, ord_menu) VALUES (999878, 'Permitir editar endereço no cadastro de pessoa física', 0);
INSERT INTO pmicontrolesis.menu (cod_menu, tt_menu, ord_menu) VALUES (999900, 'Tipos', 1);
INSERT INTO pmicontrolesis.menu (cod_menu, tt_menu, ord_menu) VALUES (999901, 'Obras', 1);
INSERT INTO pmicontrolesis.menu (cod_menu, tt_menu, ord_menu) VALUES (999903, 'Exemplares', 3);
INSERT INTO pmicontrolesis.menu (cod_menu, tt_menu, ord_menu) VALUES (999904, 'Clientes', 4);
INSERT INTO pmicontrolesis.menu (cod_menu, tt_menu, ord_menu) VALUES (999905, 'Cadastrais', 1);
INSERT INTO pmicontrolesis.menu (cod_menu, tt_menu, ord_menu) VALUES (999906, 'Movimentações', 2);
INSERT INTO pmicontrolesis.menu (cod_menu, tt_menu, ord_menu) VALUES (999907, 'Comprovantes', 3);
INSERT INTO pmicontrolesis.menu (cod_menu, tt_menu, ord_menu) VALUES (999908, 'Permissões', 1);
INSERT INTO pmicontrolesis.menu (cod_menu, tt_menu, ord_menu) VALUES (999909, 'Configurações', 2);
INSERT INTO pmicontrolesis.menu (cod_menu, tt_menu, ord_menu) VALUES (999910, 'Ferramentas', 3);
INSERT INTO pmicontrolesis.menu (cod_menu, tt_menu, ord_menu) VALUES (999911, 'Cadastros', 1);
INSERT INTO pmicontrolesis.menu (cod_menu, tt_menu, ord_menu) VALUES (999912, 'Tipos', 1);
INSERT INTO pmicontrolesis.menu (cod_menu, tt_menu, ord_menu) VALUES (999913, 'Relatórios', 2);
INSERT INTO pmicontrolesis.menu (cod_menu, tt_menu, ord_menu) VALUES (999914, 'Cadastrais', 1);
INSERT INTO pmicontrolesis.menu (cod_menu, tt_menu, ord_menu) VALUES (999915, 'Indicadores', 2);
INSERT INTO pmicontrolesis.menu (cod_menu, tt_menu, ord_menu) VALUES (999916, 'Documentos', 3);
INSERT INTO pmicontrolesis.menu (cod_menu, tt_menu, ord_menu) VALUES (999917, 'Tipos', 1);
INSERT INTO pmicontrolesis.menu (cod_menu, tt_menu, ord_menu) VALUES (999918, 'Matrículas', 2);
INSERT INTO pmicontrolesis.menu (cod_menu, tt_menu, ord_menu) VALUES (999919, 'Componentes curriculares', 3);
INSERT INTO pmicontrolesis.menu (cod_menu, tt_menu, ord_menu) VALUES (999920, 'Lançamentos', 3);
INSERT INTO pmicontrolesis.menu (cod_menu, tt_menu, ord_menu) VALUES (999921, 'Processos', 4);
INSERT INTO pmicontrolesis.menu (cod_menu, tt_menu, ord_menu) VALUES (999922, 'Lançamentos', 3);
INSERT INTO pmicontrolesis.menu (cod_menu, tt_menu, ord_menu) VALUES (999923, 'Matrículas', 5);
INSERT INTO pmicontrolesis.menu (cod_menu, tt_menu, ord_menu) VALUES (999924, 'Vagas', 7);
INSERT INTO pmicontrolesis.menu (cod_menu, tt_menu, ord_menu) VALUES (999925, 'Resultados', 3);
INSERT INTO pmicontrolesis.menu (cod_menu, tt_menu, ord_menu) VALUES (999926, 'Ferramentas', 7);
INSERT INTO pmicontrolesis.menu (cod_menu, tt_menu, ord_menu) VALUES (999927, 'Unificações', 1);
INSERT INTO pmicontrolesis.menu (cod_menu, tt_menu, ord_menu) VALUES (999928, 'Parâmetros', 2);
INSERT INTO pmicontrolesis.menu (cod_menu, tt_menu, ord_menu) VALUES (999929, 'Cadastros', 1);
INSERT INTO pmicontrolesis.menu (cod_menu, tt_menu, ord_menu) VALUES (999930, 'Cadastros', 1);
INSERT INTO pmicontrolesis.menu (cod_menu, tt_menu, ord_menu) VALUES (999931, 'Ferramentas', 1);
INSERT INTO pmicontrolesis.menu (cod_menu, tt_menu, ord_menu) VALUES (999932, 'Exportações', 1);
INSERT INTO pmicontrolesis.menu (cod_menu, tt_menu, ord_menu) VALUES (999934, 'Tipos', 0);
INSERT INTO pmicontrolesis.menu (cod_menu, tt_menu, ord_menu) VALUES (9998845, '2ª fase - Situação final', 1);
INSERT INTO pmicontrolesis.menu (cod_menu, tt_menu, ord_menu) VALUES (9998846, 'Documentos', 4);
INSERT INTO pmicontrolesis.menu (cod_menu, tt_menu, ord_menu) VALUES (9998847, 'Cadastrais', 1);
INSERT INTO pmicontrolesis.menu (cod_menu, tt_menu, ord_menu) VALUES (9998848, 'Importações', 1);
INSERT INTO pmicontrolesis.menu (cod_menu, tt_menu, ord_menu) VALUES (9998849, 'Importação educacenso', 0);
INSERT INTO pmicontrolesis.menu (cod_menu, tt_menu, ord_menu) VALUES (9998851, 'Auditoria geral', 0);
INSERT INTO pmicontrolesis.menu (cod_menu, tt_menu, ord_menu) VALUES (9998854, 'Servidores', 3);
INSERT INTO pmicontrolesis.menu (cod_menu, tt_menu, ord_menu) VALUES (9998858, 'Backups', 1);
INSERT INTO pmicontrolesis.menu (cod_menu, tt_menu, ord_menu) VALUES (9998859, 'Componentes da série', 0);
INSERT INTO pmicontrolesis.menu (cod_menu, tt_menu, ord_menu) VALUES (9998881, 'Relatorio de teste PhpJasper', 0);
-- Atualiza todos os menus
UPDATE pmicontrolesis.menu SET ref_cod_menu_submenu = 41, ref_cod_menu_pai = 999929, tt_menu = 'Pessoas jurídicas', ord_menu = 2, caminho = 'empresas_lst.php', alvo = '_self', suprime_menu = 1, ref_cod_tutormenu = 20, ref_cod_ico = null, tipo_menu = null WHERE cod_menu = 41;
UPDATE pmicontrolesis.menu SET ref_cod_menu_submenu = 43, ref_cod_menu_pai = 999929, tt_menu = 'Pessoas físicas', ord_menu = 1, caminho = 'atendidos_lst.php', alvo = '_self', suprime_menu = 1, ref_cod_tutormenu = 20, ref_cod_ico = null, tipo_menu = null WHERE cod_menu = 43;
UPDATE pmicontrolesis.menu SET ref_cod_menu_submenu = 554, ref_cod_menu_pai = 999908, tt_menu = 'Tipos de usuário', ord_menu = 3, caminho = 'educar_tipo_usuario_lst.php   ', alvo = '_self', suprime_menu = 1, ref_cod_tutormenu = 18, ref_cod_ico = null, tipo_menu = null WHERE cod_menu = 554;
UPDATE pmicontrolesis.menu SET ref_cod_menu_submenu = 555, ref_cod_menu_pai = 999908, tt_menu = 'Usuários', ord_menu = 3, caminho = 'educar_usuario_lst.php', alvo = '_self', suprime_menu = 1, ref_cod_tutormenu = 18, ref_cod_ico = null, tipo_menu = null WHERE cod_menu = 555;
UPDATE pmicontrolesis.menu SET ref_cod_menu_submenu = 950, ref_cod_menu_pai = null, tt_menu = 'Alterar datas de entrada/saída de matrículas', ord_menu = 0, caminho = '', alvo = '_self', suprime_menu = 1, ref_cod_tutormenu = 7, ref_cod_ico = 1, tipo_menu = null WHERE cod_menu = 626;
UPDATE pmicontrolesis.menu SET ref_cod_menu_submenu = 950, ref_cod_menu_pai = null, tt_menu = 'Cancelar matrícula', ord_menu = 0, caminho = '', alvo = '_self', suprime_menu = 1, ref_cod_tutormenu = 7, ref_cod_ico = 1, tipo_menu = null WHERE cod_menu = 627;
UPDATE pmicontrolesis.menu SET ref_cod_menu_submenu = 950, ref_cod_menu_pai = null, tt_menu = 'Alterar média final do aluno e situação (para regras de avaliação manuais)', ord_menu = 0, caminho = '', alvo = '_self', suprime_menu = 1, ref_cod_tutormenu = 7, ref_cod_ico = 1, tipo_menu = null WHERE cod_menu = 630;
UPDATE pmicontrolesis.menu SET ref_cod_menu_submenu = 644, ref_cod_menu_pai = 999910, tt_menu = 'Atualização de matrículas', ord_menu = 2, caminho = 'module/Avaliacao/Promocao', alvo = '_self', suprime_menu = 1, ref_cod_tutormenu = 18, ref_cod_ico = null, tipo_menu = null WHERE cod_menu = 644;
UPDATE pmicontrolesis.menu SET ref_cod_menu_submenu = 753, ref_cod_menu_pai = 999930, tt_menu = 'Países', ord_menu = 1, caminho = 'public_pais_lst.php', alvo = '_self', suprime_menu = 1, ref_cod_tutormenu = 21, ref_cod_ico = null, tipo_menu = null WHERE cod_menu = 753;
UPDATE pmicontrolesis.menu SET ref_cod_menu_submenu = 754, ref_cod_menu_pai = 999930, tt_menu = 'Estados', ord_menu = 2, caminho = 'public_uf_lst.php', alvo = '_self', suprime_menu = 1, ref_cod_tutormenu = 21, ref_cod_ico = null, tipo_menu = null WHERE cod_menu = 754;
UPDATE pmicontrolesis.menu SET ref_cod_menu_submenu = 755, ref_cod_menu_pai = 999930, tt_menu = 'Municípios', ord_menu = 3, caminho = 'public_municipio_lst.php', alvo = '_self', suprime_menu = 1, ref_cod_tutormenu = 21, ref_cod_ico = null, tipo_menu = null WHERE cod_menu = 755;
UPDATE pmicontrolesis.menu SET ref_cod_menu_submenu = 756, ref_cod_menu_pai = 999930, tt_menu = 'Bairros', ord_menu = 6, caminho = 'public_bairro_lst.php', alvo = '_self', suprime_menu = 1, ref_cod_tutormenu = 21, ref_cod_ico = null, tipo_menu = null WHERE cod_menu = 756;
UPDATE pmicontrolesis.menu SET ref_cod_menu_submenu = 757, ref_cod_menu_pai = 999930, tt_menu = 'Logradouros', ord_menu = 7, caminho = 'public_logradouro_lst.php', alvo = '_self', suprime_menu = 1, ref_cod_tutormenu = 21, ref_cod_ico = null, tipo_menu = null WHERE cod_menu = 757;
UPDATE pmicontrolesis.menu SET ref_cod_menu_submenu = 758, ref_cod_menu_pai = 999930, tt_menu = 'CEP', ord_menu = 8, caminho = 'urbano_cep_logradouro_lst.php', alvo = '_self', suprime_menu = 1, ref_cod_tutormenu = 21, ref_cod_ico = null, tipo_menu = null WHERE cod_menu = 758;
UPDATE pmicontrolesis.menu SET ref_cod_menu_submenu = 759, ref_cod_menu_pai = 999930, tt_menu = 'Distritos', ord_menu = 4, caminho = 'public_distrito_lst.php', alvo = '_self', suprime_menu = 1, ref_cod_tutormenu = 21, ref_cod_ico = null, tipo_menu = null WHERE cod_menu = 759;
UPDATE pmicontrolesis.menu SET ref_cod_menu_submenu = 760, ref_cod_menu_pai = 999930, tt_menu = 'Setores', ord_menu = 5, caminho = 'public_setor_lst.php', alvo = '_self', suprime_menu = 1, ref_cod_tutormenu = 21, ref_cod_ico = null, tipo_menu = null WHERE cod_menu = 760;
UPDATE pmicontrolesis.menu SET ref_cod_menu_submenu = 761, ref_cod_menu_pai = 999931, tt_menu = 'Unificação de bairros', ord_menu = 1, caminho = 'educar_unifica_bairro.php', alvo = '_self', suprime_menu = 1, ref_cod_tutormenu = 21, ref_cod_ico = null, tipo_menu = null WHERE cod_menu = 761;
UPDATE pmicontrolesis.menu SET ref_cod_menu_submenu = 762, ref_cod_menu_pai = 999931, tt_menu = 'Unificação de logradouros', ord_menu = 2, caminho = 'educar_unifica_logradouro.php', alvo = '_self', suprime_menu = 1, ref_cod_tutormenu = 21, ref_cod_ico = null, tipo_menu = null WHERE cod_menu = 762;
UPDATE pmicontrolesis.menu SET ref_cod_menu_submenu = 846, ref_cod_menu_pai = 999932, tt_menu = '1ª fase - Matrícula inicial', ord_menu = 1, caminho = 'educar_exportacao_educacenso.php', alvo = '_self', suprime_menu = 1, ref_cod_tutormenu = 22, ref_cod_ico = null, tipo_menu = null WHERE cod_menu = 846;
UPDATE pmicontrolesis.menu SET ref_cod_menu_submenu = 335, ref_cod_menu_pai = null, tt_menu = 'Super usuário', ord_menu = 4, caminho = 'otopic_su_lst.php', alvo = '_self', suprime_menu = 1, ref_cod_tutormenu = 7, ref_cod_ico = 1, tipo_menu = null WHERE cod_menu = 4624;
UPDATE pmicontrolesis.menu SET ref_cod_menu_submenu = null, ref_cod_menu_pai = null, tt_menu = 'Cadastros', ord_menu = 1, caminho = null, alvo = '_self', suprime_menu = 1, ref_cod_tutormenu = 16, ref_cod_ico = 1, tipo_menu = null WHERE cod_menu = 15858;
UPDATE pmicontrolesis.menu SET ref_cod_menu_submenu = null, ref_cod_menu_pai = null, tt_menu = 'Movimentações', ord_menu = 2, caminho = null, alvo = '_self', suprime_menu = 1, ref_cod_tutormenu = 16, ref_cod_ico = 1, tipo_menu = null WHERE cod_menu = 15859;
UPDATE pmicontrolesis.menu SET ref_cod_menu_submenu = 609, ref_cod_menu_pai = 15859, tt_menu = 'Reservas', ord_menu = 1, caminho = 'educar_reservas_lst.php', alvo = '_self', suprime_menu = 1, ref_cod_tutormenu = 16, ref_cod_ico = 1, tipo_menu = null WHERE cod_menu = 15869;
UPDATE pmicontrolesis.menu SET ref_cod_menu_submenu = 592, ref_cod_menu_pai = 999901, tt_menu = 'Assuntos', ord_menu = 0, caminho = 'educar_acervo_assunto_lst.php', alvo = '_self', suprime_menu = 1, ref_cod_tutormenu = 16, ref_cod_ico = 1, tipo_menu = null WHERE cod_menu = 15877;
UPDATE pmicontrolesis.menu SET ref_cod_menu_submenu = 598, ref_cod_menu_pai = 15858, tt_menu = 'Obras', ord_menu = 3, caminho = 'educar_acervo_lst.php', alvo = '_self', suprime_menu = 1, ref_cod_tutormenu = 16, ref_cod_ico = 1, tipo_menu = null WHERE cod_menu = 15878;
UPDATE pmicontrolesis.menu SET ref_cod_menu_submenu = 606, ref_cod_menu_pai = 15858, tt_menu = 'Exemplares', ord_menu = 4, caminho = 'educar_exemplar_lst.php', alvo = '_self', suprime_menu = 1, ref_cod_tutormenu = 16, ref_cod_ico = 1, tipo_menu = null WHERE cod_menu = 15879;
UPDATE pmicontrolesis.menu SET ref_cod_menu_submenu = 591, ref_cod_menu_pai = 15858, tt_menu = 'Bibliotecas', ord_menu = 2, caminho = 'educar_biblioteca_lst.php', alvo = '_self', suprime_menu = 1, ref_cod_tutormenu = 16, ref_cod_ico = 1, tipo_menu = null WHERE cod_menu = 15880;
UPDATE pmicontrolesis.menu SET ref_cod_menu_submenu = 594, ref_cod_menu_pai = 999901, tt_menu = 'Autores', ord_menu = 0, caminho = 'educar_acervo_autor_lst.php', alvo = '_self', suprime_menu = 1, ref_cod_tutormenu = 16, ref_cod_ico = 141, tipo_menu = null WHERE cod_menu = 15881;
UPDATE pmicontrolesis.menu SET ref_cod_menu_submenu = 593, ref_cod_menu_pai = 999901, tt_menu = 'Coleções', ord_menu = 0, caminho = 'educar_acervo_colecao_lst.php', alvo = '_self', suprime_menu = 1, ref_cod_tutormenu = 16, ref_cod_ico = 119, tipo_menu = null WHERE cod_menu = 15882;
UPDATE pmicontrolesis.menu SET ref_cod_menu_submenu = 595, ref_cod_menu_pai = 999901, tt_menu = 'Editoras', ord_menu = 0, caminho = 'educar_acervo_editora_lst.php', alvo = '_self', suprime_menu = 1, ref_cod_tutormenu = 16, ref_cod_ico = 176, tipo_menu = null WHERE cod_menu = 15883;
UPDATE pmicontrolesis.menu SET ref_cod_menu_submenu = 590, ref_cod_menu_pai = 999901, tt_menu = 'Idiomas', ord_menu = 0, caminho = 'educar_acervo_idioma_lst.php', alvo = '_self', suprime_menu = 1, ref_cod_tutormenu = 16, ref_cod_ico = 26, tipo_menu = null WHERE cod_menu = 15884;
UPDATE pmicontrolesis.menu SET ref_cod_menu_submenu = 597, ref_cod_menu_pai = 999903, tt_menu = 'Tipos de exemplar', ord_menu = 1, caminho = 'educar_exemplar_tipo_lst.php', alvo = '_self', suprime_menu = 1, ref_cod_tutormenu = 16, ref_cod_ico = 177, tipo_menu = null WHERE cod_menu = 15885;
UPDATE pmicontrolesis.menu SET ref_cod_menu_submenu = 596, ref_cod_menu_pai = 999904, tt_menu = 'Tipos de cliente', ord_menu = 1, caminho = 'educar_cliente_tipo_lst.php', alvo = '_self', suprime_menu = 1, ref_cod_tutormenu = 16, ref_cod_ico = 62, tipo_menu = null WHERE cod_menu = 15886;
UPDATE pmicontrolesis.menu SET ref_cod_menu_submenu = 600, ref_cod_menu_pai = 999903, tt_menu = 'Motivos de baixa', ord_menu = 3, caminho = 'educar_motivo_baixa_lst.php', alvo = '_self', suprime_menu = 1, ref_cod_tutormenu = 16, ref_cod_ico = 1, tipo_menu = null WHERE cod_menu = 15887;
UPDATE pmicontrolesis.menu SET ref_cod_menu_submenu = 607, ref_cod_menu_pai = 999904, tt_menu = 'Motivos de suspensão', ord_menu = 2, caminho = 'educar_motivo_suspensao_lst.php', alvo = '_self', suprime_menu = 1, ref_cod_tutormenu = 16, ref_cod_ico = 1, tipo_menu = null WHERE cod_menu = 15888;
UPDATE pmicontrolesis.menu SET ref_cod_menu_submenu = 608, ref_cod_menu_pai = 999901, tt_menu = 'Fontes', ord_menu = 0, caminho = 'educar_fonte_lst.php', alvo = '_self', suprime_menu = 1, ref_cod_tutormenu = 16, ref_cod_ico = 1, tipo_menu = null WHERE cod_menu = 15889;
UPDATE pmicontrolesis.menu SET ref_cod_menu_submenu = 629, ref_cod_menu_pai = 15858, tt_menu = 'Configurações', ord_menu = 2, caminho = 'educar_biblioteca_dados_lst.php', alvo = '_self', suprime_menu = 1, ref_cod_tutormenu = 16, ref_cod_ico = 143, tipo_menu = null WHERE cod_menu = 15890;
UPDATE pmicontrolesis.menu SET ref_cod_menu_submenu = 602, ref_cod_menu_pai = 999903, tt_menu = 'Tipos de situação de exemplar', ord_menu = 2, caminho = 'educar_situacao_lst.php', alvo = '_self', suprime_menu = 1, ref_cod_tutormenu = 16, ref_cod_ico = 1, tipo_menu = null WHERE cod_menu = 15891;
UPDATE pmicontrolesis.menu SET ref_cod_menu_submenu = 603, ref_cod_menu_pai = 15858, tt_menu = 'Clientes', ord_menu = 5, caminho = 'educar_cliente_lst.php', alvo = '_self', suprime_menu = 1, ref_cod_tutormenu = 16, ref_cod_ico = 1, tipo_menu = null WHERE cod_menu = 15892;
UPDATE pmicontrolesis.menu SET ref_cod_menu_submenu = 622, ref_cod_menu_pai = 15859, tt_menu = 'Dívidas', ord_menu = 4, caminho = 'educar_pagamento_multa_lst.php', alvo = '_self', suprime_menu = 1, ref_cod_tutormenu = 16, ref_cod_ico = 1, tipo_menu = null WHERE cod_menu = 15893;
UPDATE pmicontrolesis.menu SET ref_cod_menu_submenu = 610, ref_cod_menu_pai = 15859, tt_menu = 'Empréstimos', ord_menu = 2, caminho = 'module/Biblioteca/emprestimo', alvo = '_self', suprime_menu = 1, ref_cod_tutormenu = 16, ref_cod_ico = 1, tipo_menu = null WHERE cod_menu = 15894;
UPDATE pmicontrolesis.menu SET ref_cod_menu_submenu = 628, ref_cod_menu_pai = 15859, tt_menu = 'Devoluções', ord_menu = 3, caminho = 'educar_exemplar_devolucao_lst.php', alvo = '_self', suprime_menu = 1, ref_cod_tutormenu = 16, ref_cod_ico = 1, tipo_menu = null WHERE cod_menu = 15895;
UPDATE pmicontrolesis.menu SET ref_cod_menu_submenu = null, ref_cod_menu_pai = null, tt_menu = 'Cadastros', ord_menu = 1, caminho = null, alvo = '_self', suprime_menu = 1, ref_cod_tutormenu = 17, ref_cod_ico = 1, tipo_menu = null WHERE cod_menu = 20710;
UPDATE pmicontrolesis.menu SET ref_cod_menu_submenu = null, ref_cod_menu_pai = null, tt_menu = 'Movimentações', ord_menu = 2, caminho = null, alvo = '_self', suprime_menu = 1, ref_cod_tutormenu = 17, ref_cod_ico = 1, tipo_menu = null WHERE cod_menu = 20711;
UPDATE pmicontrolesis.menu SET ref_cod_menu_submenu = null, ref_cod_menu_pai = null, tt_menu = 'Relatórios', ord_menu = 3, caminho = null, alvo = '_self', suprime_menu = 1, ref_cod_tutormenu = 17, ref_cod_ico = 1, tipo_menu = null WHERE cod_menu = 20712;
UPDATE pmicontrolesis.menu SET ref_cod_menu_submenu = null, ref_cod_menu_pai = null, tt_menu = 'Cadastros', ord_menu = 1, caminho = null, alvo = '_self', suprime_menu = 1, ref_cod_tutormenu = 15, ref_cod_ico = 1, tipo_menu = null WHERE cod_menu = 21122;
UPDATE pmicontrolesis.menu SET ref_cod_menu_submenu = null, ref_cod_menu_pai = null, tt_menu = 'Movimentações', ord_menu = 2, caminho = null, alvo = '_self', suprime_menu = 1, ref_cod_tutormenu = 15, ref_cod_ico = 1, tipo_menu = null WHERE cod_menu = 21124;
UPDATE pmicontrolesis.menu SET ref_cod_menu_submenu = null, ref_cod_menu_pai = null, tt_menu = 'Administrativo', ord_menu = 4, caminho = null, alvo = '_self', suprime_menu = 1, ref_cod_tutormenu = 15, ref_cod_ico = 1, tipo_menu = null WHERE cod_menu = 21125;
UPDATE pmicontrolesis.menu SET ref_cod_menu_submenu = null, ref_cod_menu_pai = null, tt_menu = 'Relatórios', ord_menu = 5, caminho = null, alvo = '_self', suprime_menu = 1, ref_cod_tutormenu = 15, ref_cod_ico = 1, tipo_menu = null WHERE cod_menu = 21126;
UPDATE pmicontrolesis.menu SET ref_cod_menu_submenu = null, ref_cod_menu_pai = null, tt_menu = 'Documentos', ord_menu = 6, caminho = null, alvo = '_self', suprime_menu = 1, ref_cod_tutormenu = 15, ref_cod_ico = 1, tipo_menu = null WHERE cod_menu = 21127;
UPDATE pmicontrolesis.menu SET ref_cod_menu_submenu = 559, ref_cod_menu_pai = 21122, tt_menu = 'Instituição', ord_menu = 4, caminho = 'educar_instituicao_lst.php', alvo = '_self', suprime_menu = 1, ref_cod_tutormenu = 15, ref_cod_ico = 26, tipo_menu = null WHERE cod_menu = 21128;
UPDATE pmicontrolesis.menu SET ref_cod_menu_submenu = 635, ref_cod_menu_pai = 999911, tt_menu = 'Servidores', ord_menu = 2, caminho = 'educar_servidor_lst.php', alvo = '_self', suprime_menu = 1, ref_cod_tutormenu = 19, ref_cod_ico = 1, tipo_menu = null WHERE cod_menu = 21130;
UPDATE pmicontrolesis.menu SET ref_cod_menu_submenu = 641, ref_cod_menu_pai = 999911, tt_menu = 'Quadros de horários', ord_menu = 3, caminho = 'educar_quadro_horario_lst.php', alvo = '_self', suprime_menu = 1, ref_cod_tutormenu = 19, ref_cod_ico = 105, tipo_menu = null WHERE cod_menu = 21137;
UPDATE pmicontrolesis.menu SET ref_cod_menu_submenu = null, ref_cod_menu_pai = 999917, tt_menu = 'Cursos', ord_menu = 4, caminho = null, alvo = '_self', suprime_menu = 1, ref_cod_tutormenu = 15, ref_cod_ico = 20, tipo_menu = null WHERE cod_menu = 21140;
UPDATE pmicontrolesis.menu SET ref_cod_menu_submenu = 659, ref_cod_menu_pai = 21124, tt_menu = 'Enturmações em lote', ord_menu = 2, caminho = 'educar_matriculas_turma_lst.php', alvo = '_self', suprime_menu = 1, ref_cod_tutormenu = 15, ref_cod_ico = 145, tipo_menu = null WHERE cod_menu = 21144;
UPDATE pmicontrolesis.menu SET ref_cod_menu_submenu = 21145, ref_cod_menu_pai = 999920, tt_menu = 'Ocorrências disciplinares', ord_menu = 0, caminho = 'educar_matricula_ocorrencia_disciplinar_cad.php', alvo = '_self', suprime_menu = 1, ref_cod_tutormenu = 15, ref_cod_ico = 192, tipo_menu = null WHERE cod_menu = 21145;
UPDATE pmicontrolesis.menu SET ref_cod_menu_submenu = 632, ref_cod_menu_pai = 999912, tt_menu = 'Escolaridade', ord_menu = 2, caminho = 'educar_escolaridade_lst.php', alvo = '_self', suprime_menu = 1, ref_cod_tutormenu = 19, ref_cod_ico = 1, tipo_menu = null WHERE cod_menu = 21146;
UPDATE pmicontrolesis.menu SET ref_cod_menu_submenu = null, ref_cod_menu_pai = 999917, tt_menu = 'Séries', ord_menu = 6, caminho = null, alvo = '_self', suprime_menu = 1, ref_cod_tutormenu = 15, ref_cod_ico = 37, tipo_menu = null WHERE cod_menu = 21150;
UPDATE pmicontrolesis.menu SET ref_cod_menu_submenu = 633, ref_cod_menu_pai = 999912, tt_menu = 'Motivos de afastamento', ord_menu = 4, caminho = 'educar_motivo_afastamento_lst.php', alvo = '_self', suprime_menu = 1, ref_cod_tutormenu = 19, ref_cod_ico = 1, tipo_menu = null WHERE cod_menu = 21151;
UPDATE pmicontrolesis.menu SET ref_cod_menu_submenu = 642, ref_cod_menu_pai = 999920, tt_menu = 'Faltas e notas', ord_menu = 0, caminho = 'module/Avaliacao/diario', alvo = '_self', suprime_menu = 1, ref_cod_tutormenu = 15, ref_cod_ico = 1, tipo_menu = null WHERE cod_menu = 21152;
UPDATE pmicontrolesis.menu SET ref_cod_menu_submenu = 634, ref_cod_menu_pai = 999912, tt_menu = 'Funções', ord_menu = 1, caminho = 'educar_funcao_lst.php', alvo = '_self', suprime_menu = 1, ref_cod_tutormenu = 19, ref_cod_ico = 1, tipo_menu = null WHERE cod_menu = 21153;
UPDATE pmicontrolesis.menu SET ref_cod_menu_submenu = 829, ref_cod_menu_pai = 999912, tt_menu = 'Categoria ou níveis', ord_menu = 3, caminho = 'educar_categoria_nivel_lst.php', alvo = '_self', suprime_menu = 1, ref_cod_tutormenu = 19, ref_cod_ico = 20, tipo_menu = null WHERE cod_menu = 21156;
UPDATE pmicontrolesis.menu SET ref_cod_menu_submenu = 587, ref_cod_menu_pai = 21150, tt_menu = 'Sequências de enturmação', ord_menu = 0, caminho = 'educar_sequencia_serie_lst.php', alvo = '_self', suprime_menu = 1, ref_cod_tutormenu = 15, ref_cod_ico = 145, tipo_menu = null WHERE cod_menu = 21157;
UPDATE pmicontrolesis.menu SET ref_cod_menu_submenu = 584, ref_cod_menu_pai = 21161, tt_menu = 'Tipos de módulos', ord_menu = 0, caminho = 'educar_modulo_lst.php', alvo = '_self', suprime_menu = 1, ref_cod_tutormenu = 15, ref_cod_ico = 1, tipo_menu = null WHERE cod_menu = 21159;
UPDATE pmicontrolesis.menu SET ref_cod_menu_submenu = 845, ref_cod_menu_pai = 21124, tt_menu = 'Rematrícula automática', ord_menu = 1, caminho = 'educar_avancar_mod_cad.php', alvo = '_self', suprime_menu = 1, ref_cod_tutormenu = 15, ref_cod_ico = 1, tipo_menu = null WHERE cod_menu = 21160;
UPDATE pmicontrolesis.menu SET ref_cod_menu_submenu = null, ref_cod_menu_pai = 999917, tt_menu = 'Escolas', ord_menu = 5, caminho = null, alvo = '_self', suprime_menu = 1, ref_cod_tutormenu = 15, ref_cod_ico = 91, tipo_menu = null WHERE cod_menu = 21161;
UPDATE pmicontrolesis.menu SET ref_cod_menu_submenu = null, ref_cod_menu_pai = 999917, tt_menu = 'Infraestrutura', ord_menu = 8, caminho = null, alvo = '_self', suprime_menu = 1, ref_cod_tutormenu = 15, ref_cod_ico = 108, tipo_menu = null WHERE cod_menu = 21162;
UPDATE pmicontrolesis.menu SET ref_cod_menu_submenu = null, ref_cod_menu_pai = 999917, tt_menu = 'Turmas', ord_menu = 7, caminho = null, alvo = '_self', suprime_menu = 1, ref_cod_tutormenu = 15, ref_cod_ico = 141, tipo_menu = null WHERE cod_menu = 21165;
UPDATE pmicontrolesis.menu SET ref_cod_menu_submenu = null, ref_cod_menu_pai = 999917, tt_menu = 'Calendários', ord_menu = 9, caminho = null, alvo = '_self', suprime_menu = 1, ref_cod_tutormenu = 15, ref_cod_ico = 104, tipo_menu = null WHERE cod_menu = 21169;
UPDATE pmicontrolesis.menu SET ref_cod_menu_submenu = 631, ref_cod_menu_pai = 999934, tt_menu = 'Tipos de deficiência', ord_menu = 0, caminho = 'educar_deficiencia_lst.php', alvo = '_self', suprime_menu = 1, ref_cod_tutormenu = 20, ref_cod_ico = 142, tipo_menu = null WHERE cod_menu = 21170;
UPDATE pmicontrolesis.menu SET ref_cod_menu_submenu = null, ref_cod_menu_pai = 999917, tt_menu = 'Alunos', ord_menu = 0, caminho = null, alvo = '_self', suprime_menu = 1, ref_cod_tutormenu = 15, ref_cod_ico = 62, tipo_menu = null WHERE cod_menu = 21171;
UPDATE pmicontrolesis.menu SET ref_cod_menu_submenu = 580, ref_cod_menu_pai = 999918, tt_menu = 'Tipos de ocorrência disciplinar', ord_menu = 0, caminho = 'educar_tipo_ocorrencia_disciplinar_lst.php', alvo = '_self', suprime_menu = 1, ref_cod_tutormenu = 15, ref_cod_ico = 194, tipo_menu = null WHERE cod_menu = 21173;
UPDATE pmicontrolesis.menu SET ref_cod_menu_submenu = 575, ref_cod_menu_pai = 999918, tt_menu = 'Tipos de transferência', ord_menu = 0, caminho = 'educar_transferencia_tipo_lst.php', alvo = '_self', suprime_menu = 1, ref_cod_tutormenu = 15, ref_cod_ico = 1, tipo_menu = null WHERE cod_menu = 21174;
UPDATE pmicontrolesis.menu SET ref_cod_menu_submenu = null, ref_cod_menu_pai = 21126, tt_menu = 'Relação de alunos annes - qtd', ord_menu = 0, caminho = null, alvo = '_self', suprime_menu = 1, ref_cod_tutormenu = 15, ref_cod_ico = 1, tipo_menu = null WHERE cod_menu = 21179;
UPDATE pmicontrolesis.menu SET ref_cod_menu_submenu = 946, ref_cod_menu_pai = 21122, tt_menu = 'Componentes curriculares', ord_menu = 8, caminho = 'educar_componente_curricular_lst.php', alvo = '_self', suprime_menu = 1, ref_cod_tutormenu = 15, ref_cod_ico = 192, tipo_menu = null WHERE cod_menu = 21195;
UPDATE pmicontrolesis.menu SET ref_cod_menu_submenu = 586, ref_cod_menu_pai = 21122, tt_menu = 'Turmas', ord_menu = 13, caminho = 'educar_turma_lst.php', alvo = '_self', suprime_menu = 1, ref_cod_tutormenu = 15, ref_cod_ico = 1, tipo_menu = null WHERE cod_menu = 21197;
UPDATE pmicontrolesis.menu SET ref_cod_menu_submenu = 561, ref_cod_menu_pai = 21122, tt_menu = 'Escolas', ord_menu = 3, caminho = 'educar_escola_lst.php', alvo = '_self', suprime_menu = 1, ref_cod_tutormenu = 15, ref_cod_ico = 1, tipo_menu = null WHERE cod_menu = 21198;
UPDATE pmicontrolesis.menu SET ref_cod_menu_submenu = 620, ref_cod_menu_pai = 21122, tt_menu = 'Calendários', ord_menu = 6, caminho = 'educar_calendario_ano_letivo_lst.php', alvo = '_self', suprime_menu = 1, ref_cod_tutormenu = 15, ref_cod_ico = 1, tipo_menu = null WHERE cod_menu = 21199;
UPDATE pmicontrolesis.menu SET ref_cod_menu_submenu = 567, ref_cod_menu_pai = 21162, tt_menu = 'Prédios', ord_menu = 0, caminho = 'educar_infra_predio_lst.php', alvo = '_self', suprime_menu = 1, ref_cod_tutormenu = 15, ref_cod_ico = 147, tipo_menu = null WHERE cod_menu = 21200;
UPDATE pmicontrolesis.menu SET ref_cod_menu_submenu = 583, ref_cod_menu_pai = 21122, tt_menu = 'Séries', ord_menu = 11, caminho = 'educar_serie_lst.php', alvo = '_self', suprime_menu = 1, ref_cod_tutormenu = 15, ref_cod_ico = 1, tipo_menu = null WHERE cod_menu = 21201;
UPDATE pmicontrolesis.menu SET ref_cod_menu_submenu = 566, ref_cod_menu_pai = 21122, tt_menu = 'Cursos', ord_menu = 10, caminho = 'educar_curso_lst.php', alvo = '_self', suprime_menu = 1, ref_cod_tutormenu = 15, ref_cod_ico = 1, tipo_menu = null WHERE cod_menu = 21202;
UPDATE pmicontrolesis.menu SET ref_cod_menu_submenu = 578, ref_cod_menu_pai = 21122, tt_menu = 'Alunos', ord_menu = 2, caminho = 'educar_aluno_lst.php', alvo = '_self', suprime_menu = 1, ref_cod_tutormenu = 15, ref_cod_ico = 1, tipo_menu = null WHERE cod_menu = 21205;
UPDATE pmicontrolesis.menu SET ref_cod_menu_submenu = 945, ref_cod_menu_pai = 999919, tt_menu = 'Áreas de conhecimento', ord_menu = 0, caminho = 'module/AreaConhecimento/index', alvo = '_self', suprime_menu = 1, ref_cod_tutormenu = 15, ref_cod_ico = 189, tipo_menu = null WHERE cod_menu = 21206;
UPDATE pmicontrolesis.menu SET ref_cod_menu_submenu = 574, ref_cod_menu_pai = 21122, tt_menu = 'Infraestrutura', ord_menu = 5, caminho = 'educar_infra_predio_comodo_lst.php', alvo = '_self', suprime_menu = 1, ref_cod_tutormenu = 15, ref_cod_ico = 1, tipo_menu = null WHERE cod_menu = 21207;
UPDATE pmicontrolesis.menu SET ref_cod_menu_submenu = 573, ref_cod_menu_pai = 21140, tt_menu = 'Tipos de habilitação', ord_menu = 0, caminho = 'educar_habilitacao_lst.php', alvo = '_self', suprime_menu = 1, ref_cod_tutormenu = 15, ref_cod_ico = 1, tipo_menu = null WHERE cod_menu = 21208;
UPDATE pmicontrolesis.menu SET ref_cod_menu_submenu = 576, ref_cod_menu_pai = 21169, tt_menu = 'Tipos de evento do calendário', ord_menu = 0, caminho = 'educar_calendario_dia_motivo_lst.php', alvo = '_self', suprime_menu = 1, ref_cod_tutormenu = 15, ref_cod_ico = 1, tipo_menu = null WHERE cod_menu = 21209;
UPDATE pmicontrolesis.menu SET ref_cod_menu_submenu = 581, ref_cod_menu_pai = 21171, tt_menu = 'Tipos de benefício', ord_menu = 0, caminho = 'educar_aluno_beneficio_lst.php', alvo = '_self', suprime_menu = 1, ref_cod_tutormenu = 15, ref_cod_ico = 1, tipo_menu = null WHERE cod_menu = 21210;
UPDATE pmicontrolesis.menu SET ref_cod_menu_submenu = 562, ref_cod_menu_pai = 21161, tt_menu = 'Tipos de localização', ord_menu = 0, caminho = 'educar_escola_localizacao_lst.php', alvo = '_self', suprime_menu = 1, ref_cod_tutormenu = 15, ref_cod_ico = 1, tipo_menu = null WHERE cod_menu = 21211;
UPDATE pmicontrolesis.menu SET ref_cod_menu_submenu = 577, ref_cod_menu_pai = 999919, tt_menu = 'Tipos de dispensa', ord_menu = 0, caminho = 'educar_tipo_dispensa_lst.php', alvo = '_self', suprime_menu = 1, ref_cod_tutormenu = 15, ref_cod_ico = 193, tipo_menu = null WHERE cod_menu = 21213;
UPDATE pmicontrolesis.menu SET ref_cod_menu_submenu = 570, ref_cod_menu_pai = 21165, tt_menu = 'Tipos de turma', ord_menu = 0, caminho = 'educar_turma_tipo_lst.php', alvo = '_self', suprime_menu = 1, ref_cod_tutormenu = 15, ref_cod_ico = 1, tipo_menu = null WHERE cod_menu = 21215;
UPDATE pmicontrolesis.menu SET ref_cod_menu_submenu = 585, ref_cod_menu_pai = 21122, tt_menu = 'Séries da escola', ord_menu = 12, caminho = 'educar_escola_serie_lst.php', alvo = '_self', suprime_menu = 1, ref_cod_tutormenu = 15, ref_cod_ico = 1, tipo_menu = null WHERE cod_menu = 21216;
UPDATE pmicontrolesis.menu SET ref_cod_menu_submenu = 647, ref_cod_menu_pai = 21161, tt_menu = 'Tipos de rede de ensino', ord_menu = 0, caminho = 'educar_escola_rede_ensino_lst.php', alvo = '_self', suprime_menu = 1, ref_cod_tutormenu = 15, ref_cod_ico = 1, tipo_menu = null WHERE cod_menu = 21218;
UPDATE pmicontrolesis.menu SET ref_cod_menu_submenu = 579, ref_cod_menu_pai = 999934, tt_menu = 'Tipos de religião', ord_menu = 0, caminho = 'educar_religiao_lst.php', alvo = '_self', suprime_menu = 1, ref_cod_tutormenu = 20, ref_cod_ico = 1, tipo_menu = null WHERE cod_menu = 21219;
UPDATE pmicontrolesis.menu SET ref_cod_menu_submenu = 568, ref_cod_menu_pai = 21140, tt_menu = 'Tipos de regime', ord_menu = 0, caminho = 'educar_tipo_regime_lst.php', alvo = '_self', suprime_menu = 1, ref_cod_tutormenu = 15, ref_cod_ico = 1, tipo_menu = null WHERE cod_menu = 21220;
UPDATE pmicontrolesis.menu SET ref_cod_menu_submenu = 572, ref_cod_menu_pai = 21162, tt_menu = 'Tipos de ambiente', ord_menu = 0, caminho = 'educar_infra_comodo_funcao_lst.php', alvo = '_self', suprime_menu = 1, ref_cod_tutormenu = 15, ref_cod_ico = 1, tipo_menu = null WHERE cod_menu = 21221;
UPDATE pmicontrolesis.menu SET ref_cod_menu_submenu = 558, ref_cod_menu_pai = 21140, tt_menu = 'Tipos de ensino', ord_menu = 0, caminho = 'educar_tipo_ensino_lst.php', alvo = '_self', suprime_menu = 1, ref_cod_tutormenu = 15, ref_cod_ico = 124, tipo_menu = null WHERE cod_menu = 21222;
UPDATE pmicontrolesis.menu SET ref_cod_menu_submenu = 678, ref_cod_menu_pai = 999934, tt_menu = 'Tipos de cor ou raça', ord_menu = 0, caminho = 'educar_raca_lst.php', alvo = '_self', suprime_menu = 1, ref_cod_tutormenu = 20, ref_cod_ico = 1, tipo_menu = null WHERE cod_menu = 21223;
UPDATE pmicontrolesis.menu SET ref_cod_menu_submenu = 571, ref_cod_menu_pai = 21140, tt_menu = 'Tipos de nível ensino', ord_menu = 0, caminho = 'educar_nivel_ensino_lst.php', alvo = '_self', suprime_menu = 1, ref_cod_tutormenu = 15, ref_cod_ico = 1, tipo_menu = null WHERE cod_menu = 21224;
UPDATE pmicontrolesis.menu SET ref_cod_menu_submenu = null, ref_cod_menu_pai = 999917, tt_menu = 'Regras de avaliação', ord_menu = 2, caminho = null, alvo = '_self', suprime_menu = 1, ref_cod_tutormenu = 15, ref_cod_ico = 195, tipo_menu = null WHERE cod_menu = 21226;
UPDATE pmicontrolesis.menu SET ref_cod_menu_submenu = 947, ref_cod_menu_pai = 21122, tt_menu = 'Regras de avaliação', ord_menu = 7, caminho = 'module/RegraAvaliacao/index', alvo = '_self', suprime_menu = 1, ref_cod_tutormenu = 15, ref_cod_ico = 197, tipo_menu = null WHERE cod_menu = 21227;
UPDATE pmicontrolesis.menu SET ref_cod_menu_submenu = 948, ref_cod_menu_pai = 21226, tt_menu = 'Fórmulas de cálculo de média', ord_menu = 0, caminho = 'module/FormulaMedia/index', alvo = '_self', suprime_menu = 1, ref_cod_tutormenu = 15, ref_cod_ico = 198, tipo_menu = null WHERE cod_menu = 21228;
UPDATE pmicontrolesis.menu SET ref_cod_menu_submenu = 949, ref_cod_menu_pai = 21226, tt_menu = 'Tabelas de arredondamento', ord_menu = 0, caminho = 'module/TabelaArredondamento/index', alvo = '_self', suprime_menu = 1, ref_cod_tutormenu = 15, ref_cod_ico = 199, tipo_menu = null WHERE cod_menu = 21229;
UPDATE pmicontrolesis.menu SET ref_cod_menu_submenu = 21235, ref_cod_menu_pai = 20710, tt_menu = 'Empresas', ord_menu = 0, caminho = 'transporte_empresa_lst.php', alvo = '_self', suprime_menu = 1, ref_cod_tutormenu = 17, ref_cod_ico = 192, tipo_menu = null WHERE cod_menu = 21235;
UPDATE pmicontrolesis.menu SET ref_cod_menu_submenu = 21236, ref_cod_menu_pai = 20710, tt_menu = 'Motoristas', ord_menu = 0, caminho = 'transporte_motorista_lst.php', alvo = '_self', suprime_menu = 1, ref_cod_tutormenu = 17, ref_cod_ico = 192, tipo_menu = null WHERE cod_menu = 21236;
UPDATE pmicontrolesis.menu SET ref_cod_menu_submenu = 21237, ref_cod_menu_pai = 20710, tt_menu = 'Veículos', ord_menu = 0, caminho = 'transporte_veiculo_lst.php', alvo = '_self', suprime_menu = 1, ref_cod_tutormenu = 17, ref_cod_ico = 192, tipo_menu = null WHERE cod_menu = 21237;
UPDATE pmicontrolesis.menu SET ref_cod_menu_submenu = 21238, ref_cod_menu_pai = 20710, tt_menu = 'Pontos', ord_menu = 0, caminho = 'transporte_ponto_lst.php', alvo = '_self', suprime_menu = 1, ref_cod_tutormenu = 17, ref_cod_ico = 192, tipo_menu = null WHERE cod_menu = 21238;
UPDATE pmicontrolesis.menu SET ref_cod_menu_submenu = 21239, ref_cod_menu_pai = 20710, tt_menu = 'Rotas', ord_menu = 0, caminho = 'transporte_rota_lst.php', alvo = '_self', suprime_menu = 1, ref_cod_tutormenu = 17, ref_cod_ico = 192, tipo_menu = null WHERE cod_menu = 21239;
UPDATE pmicontrolesis.menu SET ref_cod_menu_submenu = 21240, ref_cod_menu_pai = 20711, tt_menu = 'Usuários de transporte', ord_menu = 0, caminho = 'transporte_pessoa_lst.php', alvo = '_self', suprime_menu = 1, ref_cod_tutormenu = 17, ref_cod_ico = 192, tipo_menu = null WHERE cod_menu = 21240;
UPDATE pmicontrolesis.menu SET ref_cod_menu_submenu = null, ref_cod_menu_pai = 20711, tt_menu = 'Processos', ord_menu = 0, caminho = null, alvo = '_self', suprime_menu = 1, ref_cod_tutormenu = 17, ref_cod_ico = 192, tipo_menu = null WHERE cod_menu = 21244;
UPDATE pmicontrolesis.menu SET ref_cod_menu_submenu = 950, ref_cod_menu_pai = 999918, tt_menu = 'Tipos de abandono', ord_menu = 0, caminho = 'educar_abandono_tipo_lst.php', alvo = '_self', suprime_menu = 1, ref_cod_tutormenu = 15, ref_cod_ico = 1, tipo_menu = null WHERE cod_menu = 21245;
UPDATE pmicontrolesis.menu SET ref_cod_menu_submenu = 21246, ref_cod_menu_pai = 21244, tt_menu = 'C&oacute;pia de rotas', ord_menu = 0, caminho = 'transporte_copia_rotas.php', alvo = '_self', suprime_menu = 1, ref_cod_tutormenu = 17, ref_cod_ico = 192, tipo_menu = null WHERE cod_menu = 21246;
UPDATE pmicontrolesis.menu SET ref_cod_menu_submenu = 21250, ref_cod_menu_pai = 21171, tt_menu = 'Tipos de projeto', ord_menu = 0, caminho = 'educar_projeto_lst.php', alvo = '_self', suprime_menu = 1, ref_cod_tutormenu = 15, ref_cod_ico = 1, tipo_menu = null WHERE cod_menu = 21250;
UPDATE pmicontrolesis.menu SET ref_cod_menu_submenu = 21251, ref_cod_menu_pai = 999928, tt_menu = 'Bloqueio do ano letivo', ord_menu = 0, caminho = 'educar_bloqueio_ano_letivo_lst.php', alvo = '_self', suprime_menu = 1, ref_cod_tutormenu = 15, ref_cod_ico = 1, tipo_menu = null WHERE cod_menu = 21251;
UPDATE pmicontrolesis.menu SET ref_cod_menu_submenu = 21253, ref_cod_menu_pai = 999928, tt_menu = 'Vagas por série/ano', ord_menu = 2, caminho = 'educar_serie_vaga_lst.php', alvo = '_self', suprime_menu = 1, ref_cod_tutormenu = 15, ref_cod_ico = 1, tipo_menu = null WHERE cod_menu = 21253;
UPDATE pmicontrolesis.menu SET ref_cod_menu_submenu = null, ref_cod_menu_pai = 21126, tt_menu = 'Cadastrais', ord_menu = 4, caminho = null, alvo = '_self', suprime_menu = 1, ref_cod_tutormenu = 15, ref_cod_ico = 20, tipo_menu = null WHERE cod_menu = 999300;
UPDATE pmicontrolesis.menu SET ref_cod_menu_submenu = null, ref_cod_menu_pai = 21126, tt_menu = 'Movimentações', ord_menu = 2, caminho = null, alvo = '_self', suprime_menu = 1, ref_cod_tutormenu = 15, ref_cod_ico = 31, tipo_menu = null WHERE cod_menu = 999301;
UPDATE pmicontrolesis.menu SET ref_cod_menu_submenu = null, ref_cod_menu_pai = 21126, tt_menu = 'Servidores', ord_menu = 0, caminho = null, alvo = '_self', suprime_menu = 1, ref_cod_tutormenu = 15, ref_cod_ico = 37, tipo_menu = null WHERE cod_menu = 999302;
UPDATE pmicontrolesis.menu SET ref_cod_menu_submenu = null, ref_cod_menu_pai = 21126, tt_menu = 'Indicadores', ord_menu = 6, caminho = null, alvo = '_self', suprime_menu = 1, ref_cod_tutormenu = 15, ref_cod_ico = 24, tipo_menu = null WHERE cod_menu = 999303;
UPDATE pmicontrolesis.menu SET ref_cod_menu_submenu = null, ref_cod_menu_pai = 21127, tt_menu = 'Atestados', ord_menu = 0, caminho = null, alvo = '_self', suprime_menu = 1, ref_cod_tutormenu = 15, ref_cod_ico = 17, tipo_menu = null WHERE cod_menu = 999400;
UPDATE pmicontrolesis.menu SET ref_cod_menu_submenu = null, ref_cod_menu_pai = 21127, tt_menu = 'Boletins', ord_menu = 2, caminho = null, alvo = '_self', suprime_menu = 1, ref_cod_tutormenu = 15, ref_cod_ico = 19, tipo_menu = null WHERE cod_menu = 999450;
UPDATE pmicontrolesis.menu SET ref_cod_menu_submenu = null, ref_cod_menu_pai = 21127, tt_menu = 'Históricos', ord_menu = 9, caminho = null, alvo = '_self', suprime_menu = 1, ref_cod_tutormenu = 15, ref_cod_ico = 25, tipo_menu = null WHERE cod_menu = 999460;
UPDATE pmicontrolesis.menu SET ref_cod_menu_submenu = null, ref_cod_menu_pai = 21127, tt_menu = 'Registros', ord_menu = 10, caminho = null, alvo = '_self', suprime_menu = 1, ref_cod_tutormenu = 15, ref_cod_ico = 36, tipo_menu = null WHERE cod_menu = 999500;
UPDATE pmicontrolesis.menu SET ref_cod_menu_submenu = null, ref_cod_menu_pai = 21127, tt_menu = 'Carteiras', ord_menu = 4, caminho = null, alvo = '_self', suprime_menu = 1, ref_cod_tutormenu = 15, ref_cod_ico = 20, tipo_menu = null WHERE cod_menu = 999600;
UPDATE pmicontrolesis.menu SET ref_cod_menu_submenu = 999613, ref_cod_menu_pai = 999921, tt_menu = 'Históricos escolares', ord_menu = 1, caminho = 'module/HistoricoEscolar/processamento', alvo = '_self', suprime_menu = 1, ref_cod_tutormenu = 15, ref_cod_ico = 192, tipo_menu = null WHERE cod_menu = 999613;
UPDATE pmicontrolesis.menu SET ref_cod_menu_submenu = null, ref_cod_menu_pai = null, tt_menu = 'Relatórios', ord_menu = 3, caminho = null, alvo = '_self', suprime_menu = 1, ref_cod_tutormenu = 16, ref_cod_ico = 1, tipo_menu = null WHERE cod_menu = 999614;
UPDATE pmicontrolesis.menu SET ref_cod_menu_submenu = null, ref_cod_menu_pai = 21127, tt_menu = 'Documentos CBAL', ord_menu = 7, caminho = null, alvo = '_self', suprime_menu = 1, ref_cod_tutormenu = 15, ref_cod_ico = 21, tipo_menu = null WHERE cod_menu = 999800;
UPDATE pmicontrolesis.menu SET ref_cod_menu_submenu = null, ref_cod_menu_pai = 21127, tt_menu = 'Certificados', ord_menu = 5, caminho = null, alvo = '_self', suprime_menu = 1, ref_cod_tutormenu = 15, ref_cod_ico = 25, tipo_menu = null WHERE cod_menu = 999807;
UPDATE pmicontrolesis.menu SET ref_cod_menu_submenu = null, ref_cod_menu_pai = 21127, tt_menu = 'Declarações', ord_menu = 0, caminho = null, alvo = '_self', suprime_menu = 1, ref_cod_tutormenu = 15, ref_cod_ico = 21, tipo_menu = null WHERE cod_menu = 999811;
UPDATE pmicontrolesis.menu SET ref_cod_menu_submenu = null, ref_cod_menu_pai = 21126, tt_menu = 'Gerenciais', ord_menu = 0, caminho = null, alvo = '_self', suprime_menu = 1, ref_cod_tutormenu = 15, ref_cod_ico = 17, tipo_menu = null WHERE cod_menu = 999827;
UPDATE pmicontrolesis.menu SET ref_cod_menu_submenu = null, ref_cod_menu_pai = null, tt_menu = 'Documentos', ord_menu = 4, caminho = null, alvo = '_self', suprime_menu = 1, ref_cod_tutormenu = 16, ref_cod_ico = 1, tipo_menu = null WHERE cod_menu = 999831;
UPDATE pmicontrolesis.menu SET ref_cod_menu_submenu = 999847, ref_cod_menu_pai = 999927, tt_menu = 'Unificação de alunos', ord_menu = 0, caminho = 'educar_unifica_aluno.php', alvo = '_self', suprime_menu = 1, ref_cod_tutormenu = 15, ref_cod_ico = 1, tipo_menu = null WHERE cod_menu = 999847;
UPDATE pmicontrolesis.menu SET ref_cod_menu_submenu = 999848, ref_cod_menu_pai = 999928, tt_menu = 'Bloqueio de lançamento de notas e faltas', ord_menu = 0, caminho = 'educar_bloqueio_lancamento_faltas_notas_lst.php', alvo = '_self', suprime_menu = 1, ref_cod_tutormenu = 16, ref_cod_ico = 192, tipo_menu = null WHERE cod_menu = 999848;
UPDATE pmicontrolesis.menu SET ref_cod_menu_submenu = 950, ref_cod_menu_pai = null, tt_menu = 'Permitir lançamento de notas/faltas fora do período de bloqueio por etapa', ord_menu = 0, caminho = '', alvo = '_self', suprime_menu = 1, ref_cod_tutormenu = 7, ref_cod_ico = 1, tipo_menu = null WHERE cod_menu = 999849;
UPDATE pmicontrolesis.menu SET ref_cod_menu_submenu = null, ref_cod_menu_pai = 21127, tt_menu = 'Termos', ord_menu = 0, caminho = null, alvo = '_self', suprime_menu = 1, ref_cod_tutormenu = 15, ref_cod_ico = 19, tipo_menu = null WHERE cod_menu = 999850;
UPDATE pmicontrolesis.menu SET ref_cod_menu_submenu = null, ref_cod_menu_pai = 21122, tt_menu = 'Bloqueio do ano letivo', ord_menu = 0, caminho = null, alvo = '_self', suprime_menu = 1, ref_cod_tutormenu = 15, ref_cod_ico = 19, tipo_menu = null WHERE cod_menu = 999852;
UPDATE pmicontrolesis.menu SET ref_cod_menu_submenu = null, ref_cod_menu_pai = 21126, tt_menu = 'Quantitativos', ord_menu = 0, caminho = null, alvo = '_self', suprime_menu = 1, ref_cod_tutormenu = 15, ref_cod_ico = 17, tipo_menu = null WHERE cod_menu = 999858;
UPDATE pmicontrolesis.menu SET ref_cod_menu_submenu = null, ref_cod_menu_pai = 21127, tt_menu = 'Fichas', ord_menu = 8, caminho = null, alvo = '_self', suprime_menu = 1, ref_cod_tutormenu = 15, ref_cod_ico = 19, tipo_menu = null WHERE cod_menu = 999861;
UPDATE pmicontrolesis.menu SET ref_cod_menu_submenu = 999861, ref_cod_menu_pai = 21127, tt_menu = 'Documentação padrão', ord_menu = 6, caminho = 'DocumentacaoPadrao.php', alvo = '_self', suprime_menu = 1, ref_cod_tutormenu = 15, ref_cod_ico = 21, tipo_menu = null WHERE cod_menu = 999865;
UPDATE pmicontrolesis.menu SET ref_cod_menu_submenu = 598, ref_cod_menu_pai = 999901, tt_menu = 'Categorias', ord_menu = 0, caminho = 'educar_categoria_lst.php', alvo = '_self', suprime_menu = 1, ref_cod_tutormenu = 16, ref_cod_ico = 1, tipo_menu = null WHERE cod_menu = 999866;
UPDATE pmicontrolesis.menu SET ref_cod_menu_submenu = 999867, ref_cod_menu_pai = 999866, tt_menu = 'Categoria de obras', ord_menu = 0, caminho = 'educar_categoria_lst.php', alvo = '_self', suprime_menu = 1, ref_cod_tutormenu = 16, ref_cod_ico = 1, tipo_menu = null WHERE cod_menu = 999867;
UPDATE pmicontrolesis.menu SET ref_cod_menu_submenu = 999869, ref_cod_menu_pai = 999910, tt_menu = 'Exportação de usuários', ord_menu = 1, caminho = 'educar_exportacao_usuarios.php', alvo = '_self', suprime_menu = 1, ref_cod_tutormenu = 18, ref_cod_ico = null, tipo_menu = null WHERE cod_menu = 999869;
UPDATE pmicontrolesis.menu SET ref_cod_menu_submenu = 999873, ref_cod_menu_pai = 999909, tt_menu = 'Configurações gerais', ord_menu = 3, caminho = 'educar_configuracoes_gerais.php', alvo = '_self', suprime_menu = 1, ref_cod_tutormenu = 18, ref_cod_ico = null, tipo_menu = null WHERE cod_menu = 999873;
UPDATE pmicontrolesis.menu SET ref_cod_menu_submenu = 950, ref_cod_menu_pai = null, tt_menu = 'Permitir editar endereço no cadastro de pessoa física', ord_menu = 0, caminho = '', alvo = '_self', suprime_menu = 1, ref_cod_tutormenu = 7, ref_cod_ico = 1, tipo_menu = null WHERE cod_menu = 999878;
UPDATE pmicontrolesis.menu SET ref_cod_menu_submenu = 594, ref_cod_menu_pai = 15858, tt_menu = 'Tipos', ord_menu = 1, caminho = null, alvo = '_self', suprime_menu = 1, ref_cod_tutormenu = 16, ref_cod_ico = null, tipo_menu = null WHERE cod_menu = 999900;
UPDATE pmicontrolesis.menu SET ref_cod_menu_submenu = 594, ref_cod_menu_pai = 999900, tt_menu = 'Obras', ord_menu = 1, caminho = null, alvo = '_self', suprime_menu = 1, ref_cod_tutormenu = 16, ref_cod_ico = null, tipo_menu = null WHERE cod_menu = 999901;
UPDATE pmicontrolesis.menu SET ref_cod_menu_submenu = 594, ref_cod_menu_pai = 999900, tt_menu = 'Exemplares', ord_menu = 3, caminho = null, alvo = '_self', suprime_menu = 1, ref_cod_tutormenu = 16, ref_cod_ico = null, tipo_menu = null WHERE cod_menu = 999903;
UPDATE pmicontrolesis.menu SET ref_cod_menu_submenu = 594, ref_cod_menu_pai = 999900, tt_menu = 'Clientes', ord_menu = 4, caminho = null, alvo = '_self', suprime_menu = 1, ref_cod_tutormenu = 16, ref_cod_ico = null, tipo_menu = null WHERE cod_menu = 999904;
UPDATE pmicontrolesis.menu SET ref_cod_menu_submenu = 594, ref_cod_menu_pai = 999614, tt_menu = 'Cadastrais', ord_menu = 1, caminho = null, alvo = '_self', suprime_menu = 1, ref_cod_tutormenu = 16, ref_cod_ico = null, tipo_menu = null WHERE cod_menu = 999905;
UPDATE pmicontrolesis.menu SET ref_cod_menu_submenu = 594, ref_cod_menu_pai = 999614, tt_menu = 'Movimentações', ord_menu = 2, caminho = null, alvo = '_self', suprime_menu = 1, ref_cod_tutormenu = 16, ref_cod_ico = null, tipo_menu = null WHERE cod_menu = 999906;
UPDATE pmicontrolesis.menu SET ref_cod_menu_submenu = 594, ref_cod_menu_pai = 999831, tt_menu = 'Comprovantes', ord_menu = 3, caminho = null, alvo = '_self', suprime_menu = 1, ref_cod_tutormenu = 16, ref_cod_ico = null, tipo_menu = null WHERE cod_menu = 999907;
UPDATE pmicontrolesis.menu SET ref_cod_menu_submenu = null, ref_cod_menu_pai = null, tt_menu = 'Permissões', ord_menu = 1, caminho = null, alvo = '_self', suprime_menu = 1, ref_cod_tutormenu = 18, ref_cod_ico = null, tipo_menu = null WHERE cod_menu = 999908;
UPDATE pmicontrolesis.menu SET ref_cod_menu_submenu = null, ref_cod_menu_pai = null, tt_menu = 'Configurações', ord_menu = 2, caminho = null, alvo = '_self', suprime_menu = 1, ref_cod_tutormenu = 18, ref_cod_ico = null, tipo_menu = null WHERE cod_menu = 999909;
UPDATE pmicontrolesis.menu SET ref_cod_menu_submenu = null, ref_cod_menu_pai = null, tt_menu = 'Ferramentas', ord_menu = 3, caminho = null, alvo = '_self', suprime_menu = 1, ref_cod_tutormenu = 18, ref_cod_ico = null, tipo_menu = null WHERE cod_menu = 999910;
UPDATE pmicontrolesis.menu SET ref_cod_menu_submenu = null, ref_cod_menu_pai = null, tt_menu = 'Cadastros', ord_menu = 1, caminho = null, alvo = '_self', suprime_menu = 1, ref_cod_tutormenu = 19, ref_cod_ico = null, tipo_menu = null WHERE cod_menu = 999911;
UPDATE pmicontrolesis.menu SET ref_cod_menu_submenu = null, ref_cod_menu_pai = 999911, tt_menu = 'Tipos', ord_menu = 1, caminho = null, alvo = '_self', suprime_menu = 1, ref_cod_tutormenu = 19, ref_cod_ico = null, tipo_menu = null WHERE cod_menu = 999912;
UPDATE pmicontrolesis.menu SET ref_cod_menu_submenu = null, ref_cod_menu_pai = null, tt_menu = 'Relatórios', ord_menu = 2, caminho = null, alvo = '_self', suprime_menu = 1, ref_cod_tutormenu = 19, ref_cod_ico = null, tipo_menu = null WHERE cod_menu = 999913;
UPDATE pmicontrolesis.menu SET ref_cod_menu_submenu = null, ref_cod_menu_pai = 999913, tt_menu = 'Cadastrais', ord_menu = 1, caminho = null, alvo = '_self', suprime_menu = 1, ref_cod_tutormenu = 19, ref_cod_ico = null, tipo_menu = null WHERE cod_menu = 999914;
UPDATE pmicontrolesis.menu SET ref_cod_menu_submenu = null, ref_cod_menu_pai = 999913, tt_menu = 'Indicadores', ord_menu = 2, caminho = null, alvo = '_self', suprime_menu = 1, ref_cod_tutormenu = 19, ref_cod_ico = null, tipo_menu = null WHERE cod_menu = 999915;
UPDATE pmicontrolesis.menu SET ref_cod_menu_submenu = null, ref_cod_menu_pai = null, tt_menu = 'Documentos', ord_menu = 3, caminho = null, alvo = '_self', suprime_menu = 1, ref_cod_tutormenu = 19, ref_cod_ico = null, tipo_menu = null WHERE cod_menu = 999916;
UPDATE pmicontrolesis.menu SET ref_cod_menu_submenu = null, ref_cod_menu_pai = 21122, tt_menu = 'Tipos', ord_menu = 1, caminho = null, alvo = '_self', suprime_menu = 1, ref_cod_tutormenu = 15, ref_cod_ico = null, tipo_menu = null WHERE cod_menu = 999917;
UPDATE pmicontrolesis.menu SET ref_cod_menu_submenu = null, ref_cod_menu_pai = 999917, tt_menu = 'Matrículas', ord_menu = 2, caminho = null, alvo = '_self', suprime_menu = 1, ref_cod_tutormenu = 15, ref_cod_ico = null, tipo_menu = null WHERE cod_menu = 999918;
UPDATE pmicontrolesis.menu SET ref_cod_menu_submenu = null, ref_cod_menu_pai = 999917, tt_menu = 'Componentes curriculares', ord_menu = 3, caminho = null, alvo = '_self', suprime_menu = 1, ref_cod_tutormenu = 15, ref_cod_ico = null, tipo_menu = null WHERE cod_menu = 999919;
UPDATE pmicontrolesis.menu SET ref_cod_menu_submenu = null, ref_cod_menu_pai = null, tt_menu = 'Lançamentos', ord_menu = 3, caminho = null, alvo = '_self', suprime_menu = 1, ref_cod_tutormenu = 15, ref_cod_ico = null, tipo_menu = null WHERE cod_menu = 999920;
UPDATE pmicontrolesis.menu SET ref_cod_menu_submenu = null, ref_cod_menu_pai = null, tt_menu = 'Processos', ord_menu = 4, caminho = null, alvo = '_self', suprime_menu = 1, ref_cod_tutormenu = 15, ref_cod_ico = null, tipo_menu = null WHERE cod_menu = 999921;
UPDATE pmicontrolesis.menu SET ref_cod_menu_submenu = null, ref_cod_menu_pai = 21126, tt_menu = 'Lançamentos', ord_menu = 3, caminho = null, alvo = '_self', suprime_menu = 1, ref_cod_tutormenu = 15, ref_cod_ico = null, tipo_menu = null WHERE cod_menu = 999922;
UPDATE pmicontrolesis.menu SET ref_cod_menu_submenu = null, ref_cod_menu_pai = 21126, tt_menu = 'Matrículas', ord_menu = 5, caminho = null, alvo = '_self', suprime_menu = 1, ref_cod_tutormenu = 15, ref_cod_ico = null, tipo_menu = null WHERE cod_menu = 999923;
UPDATE pmicontrolesis.menu SET ref_cod_menu_submenu = null, ref_cod_menu_pai = 21126, tt_menu = 'Vagas', ord_menu = 7, caminho = null, alvo = '_self', suprime_menu = 1, ref_cod_tutormenu = 15, ref_cod_ico = null, tipo_menu = null WHERE cod_menu = 999924;
UPDATE pmicontrolesis.menu SET ref_cod_menu_submenu = null, ref_cod_menu_pai = 21127, tt_menu = 'Resultados', ord_menu = 3, caminho = null, alvo = '_self', suprime_menu = 1, ref_cod_tutormenu = 15, ref_cod_ico = null, tipo_menu = null WHERE cod_menu = 999925;
UPDATE pmicontrolesis.menu SET ref_cod_menu_submenu = null, ref_cod_menu_pai = null, tt_menu = 'Ferramentas', ord_menu = 7, caminho = null, alvo = '_self', suprime_menu = 1, ref_cod_tutormenu = 15, ref_cod_ico = null, tipo_menu = null WHERE cod_menu = 999926;
UPDATE pmicontrolesis.menu SET ref_cod_menu_submenu = null, ref_cod_menu_pai = 999926, tt_menu = 'Unificações', ord_menu = 1, caminho = null, alvo = '_self', suprime_menu = 1, ref_cod_tutormenu = 15, ref_cod_ico = null, tipo_menu = null WHERE cod_menu = 999927;
UPDATE pmicontrolesis.menu SET ref_cod_menu_submenu = null, ref_cod_menu_pai = 999926, tt_menu = 'Parâmetros', ord_menu = 2, caminho = null, alvo = '_self', suprime_menu = 1, ref_cod_tutormenu = 15, ref_cod_ico = null, tipo_menu = null WHERE cod_menu = 999928;
UPDATE pmicontrolesis.menu SET ref_cod_menu_submenu = null, ref_cod_menu_pai = null, tt_menu = 'Cadastros', ord_menu = 1, caminho = null, alvo = '_self', suprime_menu = 1, ref_cod_tutormenu = 20, ref_cod_ico = null, tipo_menu = null WHERE cod_menu = 999929;
UPDATE pmicontrolesis.menu SET ref_cod_menu_submenu = null, ref_cod_menu_pai = null, tt_menu = 'Cadastros', ord_menu = 1, caminho = null, alvo = '_self', suprime_menu = 1, ref_cod_tutormenu = 21, ref_cod_ico = null, tipo_menu = null WHERE cod_menu = 999930;
UPDATE pmicontrolesis.menu SET ref_cod_menu_submenu = null, ref_cod_menu_pai = null, tt_menu = 'Ferramentas', ord_menu = 1, caminho = null, alvo = '_self', suprime_menu = 1, ref_cod_tutormenu = 21, ref_cod_ico = null, tipo_menu = null WHERE cod_menu = 999931;
UPDATE pmicontrolesis.menu SET ref_cod_menu_submenu = null, ref_cod_menu_pai = null, tt_menu = 'Exportações', ord_menu = 1, caminho = null, alvo = '_self', suprime_menu = 1, ref_cod_tutormenu = 22, ref_cod_ico = null, tipo_menu = null WHERE cod_menu = 999932;
UPDATE pmicontrolesis.menu SET ref_cod_menu_submenu = null, ref_cod_menu_pai = 999929, tt_menu = 'Tipos', ord_menu = 0, caminho = null, alvo = '_self', suprime_menu = 1, ref_cod_tutormenu = 20, ref_cod_ico = null, tipo_menu = null WHERE cod_menu = 999934;
UPDATE pmicontrolesis.menu SET ref_cod_menu_submenu = 9998845, ref_cod_menu_pai = 999932, tt_menu = '2ª fase - Situação final', ord_menu = 1, caminho = 'educar_exportacao_educacenso.php?fase2=1', alvo = '_self', suprime_menu = 1, ref_cod_tutormenu = 22, ref_cod_ico = null, tipo_menu = null WHERE cod_menu = 9998845;
UPDATE pmicontrolesis.menu SET ref_cod_menu_submenu = null, ref_cod_menu_pai = null, tt_menu = 'Documentos', ord_menu = 4, caminho = null, alvo = '_self', suprime_menu = 1, ref_cod_tutormenu = 17, ref_cod_ico = 1, tipo_menu = null WHERE cod_menu = 9998846;
UPDATE pmicontrolesis.menu SET ref_cod_menu_submenu = null, ref_cod_menu_pai = 20712, tt_menu = 'Cadastrais', ord_menu = 1, caminho = null, alvo = '_self', suprime_menu = 1, ref_cod_tutormenu = 17, ref_cod_ico = null, tipo_menu = null WHERE cod_menu = 9998847;
UPDATE pmicontrolesis.menu SET ref_cod_menu_submenu = null, ref_cod_menu_pai = null, tt_menu = 'Importações', ord_menu = 1, caminho = null, alvo = '_self', suprime_menu = 1, ref_cod_tutormenu = 22, ref_cod_ico = null, tipo_menu = null WHERE cod_menu = 9998848;
UPDATE pmicontrolesis.menu SET ref_cod_menu_submenu = 9998849, ref_cod_menu_pai = 9998848, tt_menu = 'Importação educacenso', ord_menu = 0, caminho = 'educar_importacao_educacenso.php', alvo = '_self', suprime_menu = 1, ref_cod_tutormenu = 22, ref_cod_ico = 1, tipo_menu = null WHERE cod_menu = 9998849;
UPDATE pmicontrolesis.menu SET ref_cod_menu_submenu = 9998851, ref_cod_menu_pai = 999910, tt_menu = 'Auditoria geral', ord_menu = 0, caminho = 'educar_auditoria_geral_lst.php', alvo = '_self', suprime_menu = 1, ref_cod_tutormenu = 18, ref_cod_ico = 192, tipo_menu = null WHERE cod_menu = 9998851;
UPDATE pmicontrolesis.menu SET ref_cod_menu_submenu = null, ref_cod_menu_pai = 999913, tt_menu = 'Servidores', ord_menu = 3, caminho = null, alvo = '_self', suprime_menu = 1, ref_cod_tutormenu = 19, ref_cod_ico = null, tipo_menu = null WHERE cod_menu = 9998854;
UPDATE pmicontrolesis.menu SET ref_cod_menu_submenu = 9998858, ref_cod_menu_pai = 999910, tt_menu = 'Backups', ord_menu = 1, caminho = 'educar_backup_lst.php', alvo = '_self', suprime_menu = 4, ref_cod_tutormenu = 18, ref_cod_ico = null, tipo_menu = null WHERE cod_menu = 9998858;
UPDATE pmicontrolesis.menu SET ref_cod_menu_submenu = 9998859, ref_cod_menu_pai = 21150, tt_menu = 'Componentes da série', ord_menu = 0, caminho = 'educar_componentes_serie_lst.php', alvo = '_self', suprime_menu = 1, ref_cod_tutormenu = 15, ref_cod_ico = null, tipo_menu = null WHERE cod_menu = 9998859;
UPDATE pmicontrolesis.menu SET ref_cod_menu_submenu = 9998881, ref_cod_menu_pai = 21126, tt_menu = 'Relatorio de teste PhpJasper', ord_menu = 0, caminho = 'module/Reports/TestePhpJasper', alvo = '_self', suprime_menu = 1, ref_cod_tutormenu = 15, ref_cod_ico = null, tipo_menu = null WHERE cod_menu = 9998881;
