delete from portal.menu_menu;
-- Ao deletar os dados da tabela abaixo, todos os usuários vão perder suas permissões personalisadas
delete from pmieducar.menu_tipo_usuario;
delete from portal.menu_submenu;
delete from pmicontrolesis.tutormenu;
delete from pmicontrolesis.menu;
delete from portal.menu_funcionario;

INSERT INTO portal.menu_menu (cod_menu_menu, nm_menu, title, ref_cod_menu_pai, caminho, ord_menu, ativo, icon_class) VALUES (1, 'Todos', '', null, '#', 9999, false, null);
INSERT INTO portal.menu_menu (cod_menu_menu, nm_menu, title, ref_cod_menu_pai, caminho, ord_menu, ativo, icon_class) VALUES (23, 'Principal', '', null, '#', 9999, false, null);
INSERT INTO portal.menu_menu (cod_menu_menu, nm_menu, title, ref_cod_menu_pai, caminho, ord_menu, ativo, icon_class) VALUES (38, 'i-Pauta', '', null, '#', 9999, false, null);
INSERT INTO portal.menu_menu (cod_menu_menu, nm_menu, title, ref_cod_menu_pai, caminho, ord_menu, ativo, icon_class) VALUES (56, 'i-Educar - Controle', null, null, '#', 9999, false, null);
INSERT INTO portal.menu_menu (cod_menu_menu, nm_menu, title, ref_cod_menu_pai, caminho, ord_menu, ativo, icon_class) VALUES (5, 'Agenda', 'Agendas', null, '#', 9999, false, null);
INSERT INTO portal.menu_menu (cod_menu_menu, nm_menu, title, ref_cod_menu_pai, caminho, ord_menu, ativo, icon_class) VALUES (68, 'Endereçamento', '', null, '/intranet/educar_enderecamento_index.php', 2, true, 'fa-map');
INSERT INTO portal.menu_menu (cod_menu_menu, nm_menu, title, ref_cod_menu_pai, caminho, ord_menu, ativo, icon_class) VALUES (7, 'Pessoas', 'Pessoas Físicas e Jurídicas', null, '/intranet/educar_pessoas_index.php', 3, true, 'fa-user');
INSERT INTO portal.menu_menu (cod_menu_menu, nm_menu, title, ref_cod_menu_pai, caminho, ord_menu, ativo, icon_class) VALUES (55, 'Escola', null, null, '/intranet/educar_index.php', 4, true, 'fa-leanpub');
INSERT INTO portal.menu_menu (cod_menu_menu, nm_menu, title, ref_cod_menu_pai, caminho, ord_menu, ativo, icon_class) VALUES (69, 'Transporte escolar', null, null, '/intranet/educar_transporte_escolar_index.php', 7, true, 'fa-bus');
INSERT INTO portal.menu_menu (cod_menu_menu, nm_menu, title, ref_cod_menu_pai, caminho, ord_menu, ativo, icon_class) VALUES (57, 'Biblioteca', null, null, '/intranet/educar_biblioteca_index.php', 8, true, 'fa-book');
INSERT INTO portal.menu_menu (cod_menu_menu, nm_menu, title, ref_cod_menu_pai, caminho, ord_menu, ativo, icon_class) VALUES (25, 'Configurações', 'Sistemas do RH', null, '/intranet/educar_configuracoes_index.php', 9, true, 'fa-gear');
INSERT INTO portal.menu_menu (cod_menu_menu, nm_menu, title, ref_cod_menu_pai, caminho, ord_menu, ativo, icon_class) VALUES (70, 'Educacenso', null, null, '/intranet/educar_educacenso_index.php', 6, true, 'fa-bar-chart');
INSERT INTO portal.menu_menu (cod_menu_menu, nm_menu, title, ref_cod_menu_pai, caminho, ord_menu, ativo, icon_class) VALUES (71, 'Servidores', '', null, '/intranet/educar_servidores_index.php', 5, true, 'fa-users');

INSERT INTO portal.menu_submenu (cod_menu_submenu, ref_cod_menu_menu, cod_sistema, nm_submenu, arquivo, title, nivel) VALUES (0, 1, 0, 'Super usuário', '', '', 3);
INSERT INTO portal.menu_submenu (cod_menu_submenu, ref_cod_menu_menu, cod_sistema, nm_submenu, arquivo, title, nivel) VALUES (155, 23, 2, 'Minha agenda', 'agenda.php', '', 2);
INSERT INTO portal.menu_submenu (cod_menu_submenu, ref_cod_menu_menu, cod_sistema, nm_submenu, arquivo, title, nivel) VALUES (157, 23, 2, 'Minhas conexões', 'conexoes_lst.php', 'Minhas Conexões', 2);
INSERT INTO portal.menu_submenu (cod_menu_submenu, ref_cod_menu_menu, cod_sistema, nm_submenu, arquivo, title, nivel) VALUES (475, 23, 2, 'Preferências', 'opcao_menu_lst.php', '', 2);
INSERT INTO portal.menu_submenu (cod_menu_submenu, ref_cod_menu_menu, cod_sistema, nm_submenu, arquivo, title, nivel) VALUES (335, 38, 2, 'Super usuário ', 'otopic_su_lst.php', '', 3);
INSERT INTO portal.menu_submenu (cod_menu_submenu, ref_cod_menu_menu, cod_sistema, nm_submenu, arquivo, title, nivel) VALUES (569, 55, 2, 'Material didático', 'educar_material_didatico_lst.php', '', 3);
INSERT INTO portal.menu_submenu (cod_menu_submenu, ref_cod_menu_menu, cod_sistema, nm_submenu, arquivo, title, nivel) VALUES (21235, 69, 2, 'Empresas do transporte', 'transporte_empresa_lst.php', null, 3);
INSERT INTO portal.menu_submenu (cod_menu_submenu, ref_cod_menu_menu, cod_sistema, nm_submenu, arquivo, title, nivel) VALUES (21236, 69, 2, 'Motoristas do transporte', 'transporte_motorista_lst.php', null, 3);
INSERT INTO portal.menu_submenu (cod_menu_submenu, ref_cod_menu_menu, cod_sistema, nm_submenu, arquivo, title, nivel) VALUES (563, 55, 2, 'Tipo material didático', 'educar_material_tipo_lst.php', '', 3);
INSERT INTO portal.menu_submenu (cod_menu_submenu, ref_cod_menu_menu, cod_sistema, nm_submenu, arquivo, title, nivel) VALUES (21237, 69, 2, 'Veículos do transporte', 'transporte_veiculo_lst.php', null, 3);
INSERT INTO portal.menu_submenu (cod_menu_submenu, ref_cod_menu_menu, cod_sistema, nm_submenu, arquivo, title, nivel) VALUES (559, 55, 2, 'Instituição', 'educar_instituicao_lst.php', '', 3);
INSERT INTO portal.menu_submenu (cod_menu_submenu, ref_cod_menu_menu, cod_sistema, nm_submenu, arquivo, title, nivel) VALUES (9998851, 25, 2, 'Auditoria geral', 'educar_auditoria_geral_lst.php', null, 3);
INSERT INTO portal.menu_submenu (cod_menu_submenu, ref_cod_menu_menu, cod_sistema, nm_submenu, arquivo, title, nivel) VALUES (9998858, 25, 2, 'Backups', 'educar_backup_lst.php', '', 3);
INSERT INTO portal.menu_submenu (cod_menu_submenu, ref_cod_menu_menu, cod_sistema, nm_submenu, arquivo, title, nivel) VALUES (624, 55, 2, 'Apresentação', 'educar_index.php', '', 2);
INSERT INTO portal.menu_submenu (cod_menu_submenu, ref_cod_menu_menu, cod_sistema, nm_submenu, arquivo, title, nivel) VALUES (946, 55, 2, 'Componentes curriculares', 'educar_componente_curricular_lst.php', '', 3);
INSERT INTO portal.menu_submenu (cod_menu_submenu, ref_cod_menu_menu, cod_sistema, nm_submenu, arquivo, title, nivel) VALUES (9998849, 70, 2, 'Importação educacenso', 'educar_importacao_educacenso.php', null, 3);
INSERT INTO portal.menu_submenu (cod_menu_submenu, ref_cod_menu_menu, cod_sistema, nm_submenu, arquivo, title, nivel) VALUES (845, 55, 2, 'Rematrícula automática', 'educar_avancar_mod_cad.php', 'Rematrícula Automática', 3);
INSERT INTO portal.menu_submenu (cod_menu_submenu, ref_cod_menu_menu, cod_sistema, nm_submenu, arquivo, title, nivel) VALUES (9998859, 55, 2, 'Componentes da série', 'educar_componentes_serie_lst.php', null, 3);
INSERT INTO portal.menu_submenu (cod_menu_submenu, ref_cod_menu_menu, cod_sistema, nm_submenu, arquivo, title, nivel) VALUES (606, 57, 2, 'Exemplares', 'educar_exemplar_lst.php', '', 3);
INSERT INTO portal.menu_submenu (cod_menu_submenu, ref_cod_menu_menu, cod_sistema, nm_submenu, arquivo, title, nivel) VALUES (602, 57, 2, 'Situação', 'educar_situacao_lst.php', '', 3);
INSERT INTO portal.menu_submenu (cod_menu_submenu, ref_cod_menu_menu, cod_sistema, nm_submenu, arquivo, title, nivel) VALUES (598, 57, 2, 'Obras', 'educar_acervo_lst.php', '', 3);
INSERT INTO portal.menu_submenu (cod_menu_submenu, ref_cod_menu_menu, cod_sistema, nm_submenu, arquivo, title, nivel) VALUES (625, 57, 2, 'Apresentação', 'educar_biblioteca_index.php', '', 2);
INSERT INTO portal.menu_submenu (cod_menu_submenu, ref_cod_menu_menu, cod_sistema, nm_submenu, arquivo, title, nivel) VALUES (947, 55, 2, 'Regras de avaliação', 'module/RegraAvaliacao/index', '', 3);
INSERT INTO portal.menu_submenu (cod_menu_submenu, ref_cod_menu_menu, cod_sistema, nm_submenu, arquivo, title, nivel) VALUES (949, 55, 2, 'Tabelas de arredondamento de nota', 'module/TabelaArredondamento/index', '', 3);
INSERT INTO portal.menu_submenu (cod_menu_submenu, ref_cod_menu_menu, cod_sistema, nm_submenu, arquivo, title, nivel) VALUES (341, 5, 2, 'Agendas', 'agenda_responsavel.php', null, 2);
INSERT INTO portal.menu_submenu (cod_menu_submenu, ref_cod_menu_menu, cod_sistema, nm_submenu, arquivo, title, nivel) VALUES (343, 5, 2, 'Agenda admin', 'agenda_admin_lst.php', null, 3);
INSERT INTO portal.menu_submenu (cod_menu_submenu, ref_cod_menu_menu, cod_sistema, nm_submenu, arquivo, title, nivel) VALUES (345, 5, 2, 'Agenda pessoal', 'agenda.php', 'Agenda pessoal', 2);
INSERT INTO portal.menu_submenu (cod_menu_submenu, ref_cod_menu_menu, cod_sistema, nm_submenu, arquivo, title, nivel) VALUES (21234, 69, 2, 'Apresentação', 'transporte_index.php', null, 2);
INSERT INTO portal.menu_submenu (cod_menu_submenu, ref_cod_menu_menu, cod_sistema, nm_submenu, arquivo, title, nivel) VALUES (634, 71, 2, 'Funções do servidor', 'educar_funcao_lst.php', '', 3);
INSERT INTO portal.menu_submenu (cod_menu_submenu, ref_cod_menu_menu, cod_sistema, nm_submenu, arquivo, title, nivel) VALUES (632, 71, 2, 'Escolaridade do servidor', 'educar_escolaridade_lst.php', '', 3);
INSERT INTO portal.menu_submenu (cod_menu_submenu, ref_cod_menu_menu, cod_sistema, nm_submenu, arquivo, title, nivel) VALUES (829, 71, 2, 'Categoria ou níveis do servidor', 'educar_categoria_nivel_lst.php', '', 3);
INSERT INTO portal.menu_submenu (cod_menu_submenu, ref_cod_menu_menu, cod_sistema, nm_submenu, arquivo, title, nivel) VALUES (633, 71, 2, 'Motivos de afastamento do servidor', 'educar_motivo_afastamento_lst.php', '', 3);
INSERT INTO portal.menu_submenu (cod_menu_submenu, ref_cod_menu_menu, cod_sistema, nm_submenu, arquivo, title, nivel) VALUES (635, 71, 2, 'Servidores', 'educar_servidor_lst.php', '', 3);
INSERT INTO portal.menu_submenu (cod_menu_submenu, ref_cod_menu_menu, cod_sistema, nm_submenu, arquivo, title, nivel) VALUES (641, 71, 2, 'Quadros de horários', 'educar_quadro_horario_lst.php', '', 3);
INSERT INTO portal.menu_submenu (cod_menu_submenu, ref_cod_menu_menu, cod_sistema, nm_submenu, arquivo, title, nivel) VALUES (948, 55, 2, 'Fórmulas de cálculo de média', 'module/FormulaMedia/index', '', 3);
INSERT INTO portal.menu_submenu (cod_menu_submenu, ref_cod_menu_menu, cod_sistema, nm_submenu, arquivo, title, nivel) VALUES (577, 55, 2, 'Tipos de dispensa da disciplina', 'educar_tipo_dispensa_lst.php', '', 3);
INSERT INTO portal.menu_submenu (cod_menu_submenu, ref_cod_menu_menu, cod_sistema, nm_submenu, arquivo, title, nivel) VALUES (43, 7, 2, 'Pessoas físicas', 'atendidos_lst.php', '', 3);
INSERT INTO portal.menu_submenu (cod_menu_submenu, ref_cod_menu_menu, cod_sistema, nm_submenu, arquivo, title, nivel) VALUES (41, 7, 2, 'Pessoas jurídicas', 'empresas_lst.php', '', 3);
INSERT INTO portal.menu_submenu (cod_menu_submenu, ref_cod_menu_menu, cod_sistema, nm_submenu, arquivo, title, nivel) VALUES (753, 68, 2, 'Países', 'public_pais_lst.php', '', 3);
INSERT INTO portal.menu_submenu (cod_menu_submenu, ref_cod_menu_menu, cod_sistema, nm_submenu, arquivo, title, nivel) VALUES (754, 68, 2, 'Estados', 'public_uf_lst.php', '', 3);
INSERT INTO portal.menu_submenu (cod_menu_submenu, ref_cod_menu_menu, cod_sistema, nm_submenu, arquivo, title, nivel) VALUES (755, 68, 2, 'Municípios', 'public_municipio_lst.php', '', 3);
INSERT INTO portal.menu_submenu (cod_menu_submenu, ref_cod_menu_menu, cod_sistema, nm_submenu, arquivo, title, nivel) VALUES (759, 68, 2, 'Distritos', 'public_distrito_lst.php', null, 3);
INSERT INTO portal.menu_submenu (cod_menu_submenu, ref_cod_menu_menu, cod_sistema, nm_submenu, arquivo, title, nivel) VALUES (756, 68, 2, 'Bairros', 'public_bairro_lst.php', '', 3);
INSERT INTO portal.menu_submenu (cod_menu_submenu, ref_cod_menu_menu, cod_sistema, nm_submenu, arquivo, title, nivel) VALUES (757, 68, 2, 'Logradouros', 'public_logradouro_lst.php', '', 3);
INSERT INTO portal.menu_submenu (cod_menu_submenu, ref_cod_menu_menu, cod_sistema, nm_submenu, arquivo, title, nivel) VALUES (758, 68, 2, 'CEP', 'urbano_cep_logradouro_lst.php', '', 3);
INSERT INTO portal.menu_submenu (cod_menu_submenu, ref_cod_menu_menu, cod_sistema, nm_submenu, arquivo, title, nivel) VALUES (581, 55, 2, 'Tipos de benefício do aluno', 'educar_aluno_beneficio_lst.php', '', 3);
INSERT INTO portal.menu_submenu (cod_menu_submenu, ref_cod_menu_menu, cod_sistema, nm_submenu, arquivo, title, nivel) VALUES (575, 55, 2, 'Tipos de transferência da matrícula', 'educar_transferencia_tipo_lst.php', '', 3);
INSERT INTO portal.menu_submenu (cod_menu_submenu, ref_cod_menu_menu, cod_sistema, nm_submenu, arquivo, title, nivel) VALUES (580, 55, 2, 'Tipos de ocorrência disciplinar da matrícula', 'educar_tipo_ocorrencia_disciplinar_lst.php', '', 3);
INSERT INTO portal.menu_submenu (cod_menu_submenu, ref_cod_menu_menu, cod_sistema, nm_submenu, arquivo, title, nivel) VALUES (945, 55, 2, 'Áreas de conhecimento da disciplina', 'module/AreaConhecimento/index', '', 3);
INSERT INTO portal.menu_submenu (cod_menu_submenu, ref_cod_menu_menu, cod_sistema, nm_submenu, arquivo, title, nivel) VALUES (573, 55, 2, 'Tipos de habilitação do curso', 'educar_habilitacao_lst.php', '', 3);
INSERT INTO portal.menu_submenu (cod_menu_submenu, ref_cod_menu_menu, cod_sistema, nm_submenu, arquivo, title, nivel) VALUES (568, 55, 2, 'Tipos de regime do curso', 'educar_tipo_regime_lst.php', '', 3);
INSERT INTO portal.menu_submenu (cod_menu_submenu, ref_cod_menu_menu, cod_sistema, nm_submenu, arquivo, title, nivel) VALUES (558, 55, 2, 'Tipos de ensino do curso', 'educar_tipo_ensino_lst.php', '', 3);
INSERT INTO portal.menu_submenu (cod_menu_submenu, ref_cod_menu_menu, cod_sistema, nm_submenu, arquivo, title, nivel) VALUES (571, 55, 2, 'Tipos de nível ensino do curso', 'educar_nivel_ensino_lst.php', '', 3);
INSERT INTO portal.menu_submenu (cod_menu_submenu, ref_cod_menu_menu, cod_sistema, nm_submenu, arquivo, title, nivel) VALUES (562, 55, 2, 'Tipos de localização da escola', 'educar_escola_localizacao_lst.php', '', 3);
INSERT INTO portal.menu_submenu (cod_menu_submenu, ref_cod_menu_menu, cod_sistema, nm_submenu, arquivo, title, nivel) VALUES (584, 55, 2, 'Tipos de módulos da escola', 'educar_modulo_lst.php', '', 3);
INSERT INTO portal.menu_submenu (cod_menu_submenu, ref_cod_menu_menu, cod_sistema, nm_submenu, arquivo, title, nivel) VALUES (659, 55, 2, 'Enturmações em lote', 'educar_matriculas_turma_lst.php', '', 3);
INSERT INTO portal.menu_submenu (cod_menu_submenu, ref_cod_menu_menu, cod_sistema, nm_submenu, arquivo, title, nivel) VALUES (678, 7, 2, 'Tipos de cor ou raça da pessoa', 'educar_raca_lst.php', '', 3);
INSERT INTO portal.menu_submenu (cod_menu_submenu, ref_cod_menu_menu, cod_sistema, nm_submenu, arquivo, title, nivel) VALUES (631, 7, 2, 'Tipos de deficiência da pessoa', 'educar_deficiencia_lst.php', '', 3);
INSERT INTO portal.menu_submenu (cod_menu_submenu, ref_cod_menu_menu, cod_sistema, nm_submenu, arquivo, title, nivel) VALUES (579, 7, 2, 'Tipos de religião da pessoa', 'educar_religiao_lst.php', '', 3);
INSERT INTO portal.menu_submenu (cod_menu_submenu, ref_cod_menu_menu, cod_sistema, nm_submenu, arquivo, title, nivel) VALUES (21240, 69, 2, 'Usuários de transporte', 'transporte_pessoa_lst.php', null, 3);
INSERT INTO portal.menu_submenu (cod_menu_submenu, ref_cod_menu_menu, cod_sistema, nm_submenu, arquivo, title, nivel) VALUES (21238, 69, 2, 'Rotas do transporte', 'transporte_rota_lst.php', null, 3);
INSERT INTO portal.menu_submenu (cod_menu_submenu, ref_cod_menu_menu, cod_sistema, nm_submenu, arquivo, title, nivel) VALUES (21239, 69, 2, 'Pontos do transporte', 'transporte_ponto_lst.php', null, 3);
INSERT INTO portal.menu_submenu (cod_menu_submenu, ref_cod_menu_menu, cod_sistema, nm_submenu, arquivo, title, nivel) VALUES (21251, 55, 2, 'Bloqueio do ano letivo', 'educar_bloqueio_ano_letivo_lst.php', '', 3);
INSERT INTO portal.menu_submenu (cod_menu_submenu, ref_cod_menu_menu, cod_sistema, nm_submenu, arquivo, title, nivel) VALUES (642, 55, 2, 'Lançamento de faltas e notas', 'module/Avaliacao/diario', '', 3);
INSERT INTO portal.menu_submenu (cod_menu_submenu, ref_cod_menu_menu, cod_sistema, nm_submenu, arquivo, title, nivel) VALUES (21250, 55, 2, 'Tipos de projeto do aluno', 'educar_projeto_lst.php', '', 3);
INSERT INTO portal.menu_submenu (cod_menu_submenu, ref_cod_menu_menu, cod_sistema, nm_submenu, arquivo, title, nivel) VALUES (950, 55, 2, 'Tipos de abandono da matrícula', 'educar_abandono_tipo_lst.php', null, 3);
INSERT INTO portal.menu_submenu (cod_menu_submenu, ref_cod_menu_menu, cod_sistema, nm_submenu, arquivo, title, nivel) VALUES (572, 55, 2, 'Tipos de ambiente da escola', 'educar_infra_comodo_funcao_lst.php', '', 3);
INSERT INTO portal.menu_submenu (cod_menu_submenu, ref_cod_menu_menu, cod_sistema, nm_submenu, arquivo, title, nivel) VALUES (574, 55, 2, 'Infraestrutura da escola', 'educar_infra_predio_comodo_lst.php', '', 3);
INSERT INTO portal.menu_submenu (cod_menu_submenu, ref_cod_menu_menu, cod_sistema, nm_submenu, arquivo, title, nivel) VALUES (21246, 69, 2, 'Cópia de rotas do transporte', 'transporte_copia_rotas.php', null, 3);
INSERT INTO portal.menu_submenu (cod_menu_submenu, ref_cod_menu_menu, cod_sistema, nm_submenu, arquivo, title, nivel) VALUES (761, 68, 2, 'Unificação de bairros', 'educar_unifica_bairro.php', null, 3);
INSERT INTO portal.menu_submenu (cod_menu_submenu, ref_cod_menu_menu, cod_sistema, nm_submenu, arquivo, title, nivel) VALUES (762, 68, 2, 'Unificação de logradouros', 'educar_unifica_logradouro.php', null, 3);
INSERT INTO portal.menu_submenu (cod_menu_submenu, ref_cod_menu_menu, cod_sistema, nm_submenu, arquivo, title, nivel) VALUES (626, 55, 0, 'Alterar datas de entrada/saída de matrículas', '', null, 3);
INSERT INTO portal.menu_submenu (cod_menu_submenu, ref_cod_menu_menu, cod_sistema, nm_submenu, arquivo, title, nivel) VALUES (627, 55, 0, 'Cancelar matrícula', '', null, 3);
INSERT INTO portal.menu_submenu (cod_menu_submenu, ref_cod_menu_menu, cod_sistema, nm_submenu, arquivo, title, nivel) VALUES (21253, 55, 2, 'Vagas por série/ano', 'educar_serie_vaga_lst.php', '', 3);
INSERT INTO portal.menu_submenu (cod_menu_submenu, ref_cod_menu_menu, cod_sistema, nm_submenu, arquivo, title, nivel) VALUES (999847, 55, 2, 'Unificação de alunos', 'educar_unifica_aluno.php', null, 3);
INSERT INTO portal.menu_submenu (cod_menu_submenu, ref_cod_menu_menu, cod_sistema, nm_submenu, arquivo, title, nivel) VALUES (630, 55, 0, 'Alterar média final do aluno e situação (para regras de avaliação manuais)', '', null, 3);
INSERT INTO portal.menu_submenu (cod_menu_submenu, ref_cod_menu_menu, cod_sistema, nm_submenu, arquivo, title, nivel) VALUES (999849, 55, 0, 'Permitir lançamento de notas/faltas fora do período de bloqueio por etapa', '', null, 3);
INSERT INTO portal.menu_submenu (cod_menu_submenu, ref_cod_menu_menu, cod_sistema, nm_submenu, arquivo, title, nivel) VALUES (554, 25, 2, 'Tipos de usuário', 'educar_tipo_usuario_lst.php', '', 3);
INSERT INTO portal.menu_submenu (cod_menu_submenu, ref_cod_menu_menu, cod_sistema, nm_submenu, arquivo, title, nivel) VALUES (555, 25, 2, 'Usuários', 'educar_usuario_lst.php', '', 3);
INSERT INTO portal.menu_submenu (cod_menu_submenu, ref_cod_menu_menu, cod_sistema, nm_submenu, arquivo, title, nivel) VALUES (644, 25, 2, 'Atualização de matrículas', 'module/Avaliacao/Promocao', '', 3);
INSERT INTO portal.menu_submenu (cod_menu_submenu, ref_cod_menu_menu, cod_sistema, nm_submenu, arquivo, title, nivel) VALUES (760, 68, 2, 'Setores', 'public_setor_lst.php', null, 3);
INSERT INTO portal.menu_submenu (cod_menu_submenu, ref_cod_menu_menu, cod_sistema, nm_submenu, arquivo, title, nivel) VALUES (999873, 25, 2, 'Configurações gerais', 'educar_configuracoes_gerais.php', null, 3);
INSERT INTO portal.menu_submenu (cod_menu_submenu, ref_cod_menu_menu, cod_sistema, nm_submenu, arquivo, title, nivel) VALUES (999878, 55, 0, 'Permitir editar endereço no cadastro de pessoa física', '', null, 3);
INSERT INTO portal.menu_submenu (cod_menu_submenu, ref_cod_menu_menu, cod_sistema, nm_submenu, arquivo, title, nivel) VALUES (592, 57, 2, 'Assuntos de obras', 'educar_acervo_assunto_lst.php', '', 3);
INSERT INTO portal.menu_submenu (cod_menu_submenu, ref_cod_menu_menu, cod_sistema, nm_submenu, arquivo, title, nivel) VALUES (594, 57, 2, 'Autores de obras', 'educar_acervo_autor_lst.php', '', 3);
INSERT INTO portal.menu_submenu (cod_menu_submenu, ref_cod_menu_menu, cod_sistema, nm_submenu, arquivo, title, nivel) VALUES (593, 57, 2, 'Coleções de obras', 'educar_acervo_colecao_lst.php', '', 3);
INSERT INTO portal.menu_submenu (cod_menu_submenu, ref_cod_menu_menu, cod_sistema, nm_submenu, arquivo, title, nivel) VALUES (595, 57, 2, 'Editoras de obras', 'educar_acervo_editora_lst.php', '', 3);
INSERT INTO portal.menu_submenu (cod_menu_submenu, ref_cod_menu_menu, cod_sistema, nm_submenu, arquivo, title, nivel) VALUES (590, 57, 2, 'Idiomas de obras', 'educar_acervo_idioma_lst.php', '', 3);
INSERT INTO portal.menu_submenu (cod_menu_submenu, ref_cod_menu_menu, cod_sistema, nm_submenu, arquivo, title, nivel) VALUES (608, 57, 2, 'Fontes de obras', 'educar_fonte_lst.php', '', 3);
INSERT INTO portal.menu_submenu (cod_menu_submenu, ref_cod_menu_menu, cod_sistema, nm_submenu, arquivo, title, nivel) VALUES (597, 57, 2, 'Tipos de exemplar', 'educar_exemplar_tipo_lst.php', '', 3);
INSERT INTO portal.menu_submenu (cod_menu_submenu, ref_cod_menu_menu, cod_sistema, nm_submenu, arquivo, title, nivel) VALUES (15891, 57, 2, 'Tipos de situação de exemplar', 'educar_situacao_lst.php', null, 3);
INSERT INTO portal.menu_submenu (cod_menu_submenu, ref_cod_menu_menu, cod_sistema, nm_submenu, arquivo, title, nivel) VALUES (600, 57, 2, 'Motivos de baixa do exemplar', 'educar_motivo_baixa_lst.php', '', 3);
INSERT INTO portal.menu_submenu (cod_menu_submenu, ref_cod_menu_menu, cod_sistema, nm_submenu, arquivo, title, nivel) VALUES (596, 57, 2, 'Tipos de cliente', 'educar_cliente_tipo_lst.php', '', 3);
INSERT INTO portal.menu_submenu (cod_menu_submenu, ref_cod_menu_menu, cod_sistema, nm_submenu, arquivo, title, nivel) VALUES (607, 57, 2, 'Motivos de suspensão do cliente', 'educar_motivo_suspensao_lst.php', '', 3);
INSERT INTO portal.menu_submenu (cod_menu_submenu, ref_cod_menu_menu, cod_sistema, nm_submenu, arquivo, title, nivel) VALUES (591, 57, 2, 'Bibliotecas', 'educar_biblioteca_lst.php', '', 3);
INSERT INTO portal.menu_submenu (cod_menu_submenu, ref_cod_menu_menu, cod_sistema, nm_submenu, arquivo, title, nivel) VALUES (603, 57, 2, 'Clientes', 'educar_cliente_lst.php', '', 3);
INSERT INTO portal.menu_submenu (cod_menu_submenu, ref_cod_menu_menu, cod_sistema, nm_submenu, arquivo, title, nivel) VALUES (629, 57, 2, 'Configurações de bibliotecas', 'educar_biblioteca_dados_lst.php', '', 3);
INSERT INTO portal.menu_submenu (cod_menu_submenu, ref_cod_menu_menu, cod_sistema, nm_submenu, arquivo, title, nivel) VALUES (609, 57, 2, 'Reservas de exemplares', 'educar_reservas_lst.php', '', 3);
INSERT INTO portal.menu_submenu (cod_menu_submenu, ref_cod_menu_menu, cod_sistema, nm_submenu, arquivo, title, nivel) VALUES (610, 57, 2, 'Empréstimos de exemplares', 'module/Biblioteca/emprestimo', '', 3);
INSERT INTO portal.menu_submenu (cod_menu_submenu, ref_cod_menu_menu, cod_sistema, nm_submenu, arquivo, title, nivel) VALUES (628, 57, 2, 'Devoluções de exemplares', 'educar_exemplar_devolucao_lst.php', '', 3);
INSERT INTO portal.menu_submenu (cod_menu_submenu, ref_cod_menu_menu, cod_sistema, nm_submenu, arquivo, title, nivel) VALUES (622, 57, 2, 'Dívidas de exemplares', 'educar_pagamento_multa_lst.php', '', 3);
INSERT INTO portal.menu_submenu (cod_menu_submenu, ref_cod_menu_menu, cod_sistema, nm_submenu, arquivo, title, nivel) VALUES (999869, 25, 2, 'Exportação de usuários', 'educar_exportacao_usuarios.php', null, 3);
INSERT INTO portal.menu_submenu (cod_menu_submenu, ref_cod_menu_menu, cod_sistema, nm_submenu, arquivo, title, nivel) VALUES (587, 55, 2, 'Sequências de enturmação', 'educar_sequencia_serie_lst.php', '', 3);
INSERT INTO portal.menu_submenu (cod_menu_submenu, ref_cod_menu_menu, cod_sistema, nm_submenu, arquivo, title, nivel) VALUES (570, 55, 2, 'Tipos de turma', 'educar_turma_tipo_lst.php', '', 3);
INSERT INTO portal.menu_submenu (cod_menu_submenu, ref_cod_menu_menu, cod_sistema, nm_submenu, arquivo, title, nivel) VALUES (567, 55, 2, 'Prédios da escola', 'educar_infra_predio_lst.php', '', 3);
INSERT INTO portal.menu_submenu (cod_menu_submenu, ref_cod_menu_menu, cod_sistema, nm_submenu, arquivo, title, nivel) VALUES (576, 55, 2, 'Tipos de evento do calendário', 'educar_calendario_dia_motivo_lst.php', '', 3);
INSERT INTO portal.menu_submenu (cod_menu_submenu, ref_cod_menu_menu, cod_sistema, nm_submenu, arquivo, title, nivel) VALUES (561, 55, 2, 'Escolas', 'educar_escola_lst.php', '', 3);
INSERT INTO portal.menu_submenu (cod_menu_submenu, ref_cod_menu_menu, cod_sistema, nm_submenu, arquivo, title, nivel) VALUES (566, 55, 2, 'Cursos', 'educar_curso_lst.php', '', 3);
INSERT INTO portal.menu_submenu (cod_menu_submenu, ref_cod_menu_menu, cod_sistema, nm_submenu, arquivo, title, nivel) VALUES (578, 55, 2, 'Alunos', 'educar_aluno_lst.php', '', 3);
INSERT INTO portal.menu_submenu (cod_menu_submenu, ref_cod_menu_menu, cod_sistema, nm_submenu, arquivo, title, nivel) VALUES (647, 55, 2, 'Tipos de rede de ensino da escola', 'educar_escola_rede_ensino_lst.php', '', 3);
INSERT INTO portal.menu_submenu (cod_menu_submenu, ref_cod_menu_menu, cod_sistema, nm_submenu, arquivo, title, nivel) VALUES (999867, 57, 2, 'Categorias de obras', 'educar_categoria_lst.php', null, 3);
INSERT INTO portal.menu_submenu (cod_menu_submenu, ref_cod_menu_menu, cod_sistema, nm_submenu, arquivo, title, nivel) VALUES (846, 70, 2, 'Exportação do educacenso - 1ª fase', 'educar_exportacao_educacenso.php', null, 2);
INSERT INTO portal.menu_submenu (cod_menu_submenu, ref_cod_menu_menu, cod_sistema, nm_submenu, arquivo, title, nivel) VALUES (9998845, 70, 2, 'Exportação do educacenso - 2ª fase', 'educar_exportacao_educacenso.php?fase2=1', null, 2);
INSERT INTO portal.menu_submenu (cod_menu_submenu, ref_cod_menu_menu, cod_sistema, nm_submenu, arquivo, title, nivel) VALUES (999861, 55, 2, 'Documentação padrão', 'DocumentacaoPadrao.php', null, 3);
INSERT INTO portal.menu_submenu (cod_menu_submenu, ref_cod_menu_menu, cod_sistema, nm_submenu, arquivo, title, nivel) VALUES (583, 55, 2, 'Séries', 'educar_serie_lst.php', '', 3);
INSERT INTO portal.menu_submenu (cod_menu_submenu, ref_cod_menu_menu, cod_sistema, nm_submenu, arquivo, title, nivel) VALUES (586, 55, 2, 'Turmas', 'educar_turma_lst.php', '', 3);
INSERT INTO portal.menu_submenu (cod_menu_submenu, ref_cod_menu_menu, cod_sistema, nm_submenu, arquivo, title, nivel) VALUES (620, 55, 2, 'Calendários', 'educar_calendario_ano_letivo_lst.php', '', 3);
INSERT INTO portal.menu_submenu (cod_menu_submenu, ref_cod_menu_menu, cod_sistema, nm_submenu, arquivo, title, nivel) VALUES (21145, 55, 2, 'Lançamento de ocorrências disciplinares', 'educar_matricula_ocorrencia_disciplinar_cad.php', null, 3);
INSERT INTO portal.menu_submenu (cod_menu_submenu, ref_cod_menu_menu, cod_sistema, nm_submenu, arquivo, title, nivel) VALUES (999613, 55, 2, 'Processamento de históricos escolares', 'module/HistoricoEscolar/processamento', null, 3);
INSERT INTO portal.menu_submenu (cod_menu_submenu, ref_cod_menu_menu, cod_sistema, nm_submenu, arquivo, title, nivel) VALUES (999848, 55, 2, 'Bloqueio de lançamento de notas e faltas', 'educar_bloqueio_lancamento_faltas_notas_lst.php', null, 3);
INSERT INTO portal.menu_submenu (cod_menu_submenu, ref_cod_menu_menu, cod_sistema, nm_submenu, arquivo, title, nivel) VALUES (585, 55, 2, 'Séries da escola', 'educar_escola_serie_lst.php', '', 3);
INSERT INTO portal.menu_submenu (cod_menu_submenu, ref_cod_menu_menu, cod_sistema, nm_submenu, arquivo, title, nivel) VALUES (9998867, 25, 2, 'Configuração movimento geral', 'module/Configuracao/ConfiguracaoMovimentoGeral', null, 3);
INSERT INTO portal.menu_submenu (cod_menu_submenu, ref_cod_menu_menu, cod_sistema, nm_submenu, arquivo, title, nivel) VALUES (9998869, 25, 2, 'Customização de labels', 'educar_configuracoes_labels.php', null, 3);
INSERT INTO portal.menu_submenu (cod_menu_submenu, ref_cod_menu_menu, cod_sistema, nm_submenu, arquivo, title, nivel) VALUES (9998878, 7, 2, 'Unificação de pessoas', 'educar_unifica_pessoa.php', null, 3);
INSERT INTO portal.menu_submenu (cod_menu_submenu, ref_cod_menu_menu, cod_sistema, nm_submenu, arquivo, title, nivel) VALUES (9998879, 25, 2, 'Relatorio de exemplo', 'module/Reports/RelatorioExemplo', null, 3);

INSERT INTO pmicontrolesis.tutormenu (cod_tutormenu, nm_tutormenu) VALUES (7, 'i-Pauta');
INSERT INTO pmicontrolesis.tutormenu (cod_tutormenu, nm_tutormenu) VALUES (15, 'i-Educar');
INSERT INTO pmicontrolesis.tutormenu (cod_tutormenu, nm_tutormenu) VALUES (16, 'i-Educar Biblioteca');
INSERT INTO pmicontrolesis.tutormenu (cod_tutormenu, nm_tutormenu) VALUES (17, 'Transporte Escolar');
INSERT INTO pmicontrolesis.tutormenu (cod_tutormenu, nm_tutormenu) VALUES (18, 'Configurações');
INSERT INTO pmicontrolesis.tutormenu (cod_tutormenu, nm_tutormenu) VALUES (19, 'Servidores');
INSERT INTO pmicontrolesis.tutormenu (cod_tutormenu, nm_tutormenu) VALUES (20, 'Pessoas');
INSERT INTO pmicontrolesis.tutormenu (cod_tutormenu, nm_tutormenu) VALUES (21, 'Endereçamento');
INSERT INTO pmicontrolesis.tutormenu (cod_tutormenu, nm_tutormenu) VALUES (22, 'Educacenso');

INSERT INTO pmicontrolesis.menu (cod_menu, ref_cod_menu_submenu, ref_cod_menu_pai, tt_menu, ord_menu, caminho, alvo, suprime_menu, ref_cod_tutormenu, ref_cod_ico, tipo_menu) VALUES (4624, 335, null, 'Super usuário', 4, 'otopic_su_lst.php', '_self', 1, 7, 1, null);
INSERT INTO pmicontrolesis.menu (cod_menu, ref_cod_menu_submenu, ref_cod_menu_pai, tt_menu, ord_menu, caminho, alvo, suprime_menu, ref_cod_tutormenu, ref_cod_ico, tipo_menu) VALUES (21122, null, null, 'Cadastros', 1, null, '_self', 1, 15, 1, null);
INSERT INTO pmicontrolesis.menu (cod_menu, ref_cod_menu_submenu, ref_cod_menu_pai, tt_menu, ord_menu, caminho, alvo, suprime_menu, ref_cod_tutormenu, ref_cod_ico, tipo_menu) VALUES (9998851, 9998851, 999910, 'Auditoria geral', 0, 'educar_auditoria_geral_lst.php', '_self', 1, 18, 192, null);
INSERT INTO pmicontrolesis.menu (cod_menu, ref_cod_menu_submenu, ref_cod_menu_pai, tt_menu, ord_menu, caminho, alvo, suprime_menu, ref_cod_tutormenu, ref_cod_ico, tipo_menu) VALUES (21125, null, null, 'Administrativo', 4, null, '_self', 1, 15, 1, null);
INSERT INTO pmicontrolesis.menu (cod_menu, ref_cod_menu_submenu, ref_cod_menu_pai, tt_menu, ord_menu, caminho, alvo, suprime_menu, ref_cod_tutormenu, ref_cod_ico, tipo_menu) VALUES (21126, null, null, 'Relatórios', 5, null, '_self', 1, 15, 1, null);
INSERT INTO pmicontrolesis.menu (cod_menu, ref_cod_menu_submenu, ref_cod_menu_pai, tt_menu, ord_menu, caminho, alvo, suprime_menu, ref_cod_tutormenu, ref_cod_ico, tipo_menu) VALUES (21127, null, null, 'Documentos', 6, null, '_self', 1, 15, 1, null);
INSERT INTO pmicontrolesis.menu (cod_menu, ref_cod_menu_submenu, ref_cod_menu_pai, tt_menu, ord_menu, caminho, alvo, suprime_menu, ref_cod_tutormenu, ref_cod_ico, tipo_menu) VALUES (999614, null, null, 'Relatórios', 3, null, '_self', 1, 16, 1, null);
INSERT INTO pmicontrolesis.menu (cod_menu, ref_cod_menu_submenu, ref_cod_menu_pai, tt_menu, ord_menu, caminho, alvo, suprime_menu, ref_cod_tutormenu, ref_cod_ico, tipo_menu) VALUES (20710, null, null, 'Cadastros', 1, null, '_self', 1, 17, 1, null);
INSERT INTO pmicontrolesis.menu (cod_menu, ref_cod_menu_submenu, ref_cod_menu_pai, tt_menu, ord_menu, caminho, alvo, suprime_menu, ref_cod_tutormenu, ref_cod_ico, tipo_menu) VALUES (20712, null, null, 'Relatórios', 3, null, '_self', 1, 17, 1, null);
INSERT INTO pmicontrolesis.menu (cod_menu, ref_cod_menu_submenu, ref_cod_menu_pai, tt_menu, ord_menu, caminho, alvo, suprime_menu, ref_cod_tutormenu, ref_cod_ico, tipo_menu) VALUES (999400, null, 21127, 'Atestados', 0, null, '_self', 1, 15, 17, null);
INSERT INTO pmicontrolesis.menu (cod_menu, ref_cod_menu_submenu, ref_cod_menu_pai, tt_menu, ord_menu, caminho, alvo, suprime_menu, ref_cod_tutormenu, ref_cod_ico, tipo_menu) VALUES (999302, null, 21126, 'Servidores', 0, null, '_self', 1, 15, 37, null);
INSERT INTO pmicontrolesis.menu (cod_menu, ref_cod_menu_submenu, ref_cod_menu_pai, tt_menu, ord_menu, caminho, alvo, suprime_menu, ref_cod_tutormenu, ref_cod_ico, tipo_menu) VALUES (9998858, 9998858, 999910, 'Backups', 1, 'educar_backup_lst.php', '_self', 4, 18, null, null);
INSERT INTO pmicontrolesis.menu (cod_menu, ref_cod_menu_submenu, ref_cod_menu_pai, tt_menu, ord_menu, caminho, alvo, suprime_menu, ref_cod_tutormenu, ref_cod_ico, tipo_menu) VALUES (9998848, null, null, 'Importações', 1, null, '_self', 1, 22, null, null);
INSERT INTO pmicontrolesis.menu (cod_menu, ref_cod_menu_submenu, ref_cod_menu_pai, tt_menu, ord_menu, caminho, alvo, suprime_menu, ref_cod_tutormenu, ref_cod_ico, tipo_menu) VALUES (9998849, 9998849, 9998848, 'Importação educacenso', 0, 'educar_importacao_educacenso.php', '_self', 1, 22, 1, null);
INSERT INTO pmicontrolesis.menu (cod_menu, ref_cod_menu_submenu, ref_cod_menu_pai, tt_menu, ord_menu, caminho, alvo, suprime_menu, ref_cod_tutormenu, ref_cod_ico, tipo_menu) VALUES (9998859, 9998859, 21150, 'Componentes da série', 0, 'educar_componentes_serie_lst.php', '_self', 1, 15, null, null);
INSERT INTO pmicontrolesis.menu (cod_menu, ref_cod_menu_submenu, ref_cod_menu_pai, tt_menu, ord_menu, caminho, alvo, suprime_menu, ref_cod_tutormenu, ref_cod_ico, tipo_menu) VALUES (9998854, null, 999913, 'Servidores', 3, null, '_self', 1, 19, null, null);
INSERT INTO pmicontrolesis.menu (cod_menu, ref_cod_menu_submenu, ref_cod_menu_pai, tt_menu, ord_menu, caminho, alvo, suprime_menu, ref_cod_tutormenu, ref_cod_ico, tipo_menu) VALUES (21179, null, 21126, 'Relação de alunos annes - qtd', 0, null, '_self', 1, 15, 1, null);
INSERT INTO pmicontrolesis.menu (cod_menu, ref_cod_menu_submenu, ref_cod_menu_pai, tt_menu, ord_menu, caminho, alvo, suprime_menu, ref_cod_tutormenu, ref_cod_ico, tipo_menu) VALUES (21200, 567, 21162, 'Prédios', 0, 'educar_infra_predio_lst.php', '_self', 1, 15, 147, null);
INSERT INTO pmicontrolesis.menu (cod_menu, ref_cod_menu_submenu, ref_cod_menu_pai, tt_menu, ord_menu, caminho, alvo, suprime_menu, ref_cod_tutormenu, ref_cod_ico, tipo_menu) VALUES (21171, null, 999917, 'Alunos', 0, null, '_self', 1, 15, 62, null);
INSERT INTO pmicontrolesis.menu (cod_menu, ref_cod_menu_submenu, ref_cod_menu_pai, tt_menu, ord_menu, caminho, alvo, suprime_menu, ref_cod_tutormenu, ref_cod_ico, tipo_menu) VALUES (21210, 581, 21171, 'Tipos de benefício', 0, 'educar_aluno_beneficio_lst.php', '_self', 1, 15, 1, null);
INSERT INTO pmicontrolesis.menu (cod_menu, ref_cod_menu_submenu, ref_cod_menu_pai, tt_menu, ord_menu, caminho, alvo, suprime_menu, ref_cod_tutormenu, ref_cod_ico, tipo_menu) VALUES (21153, 634, 999912, 'Funções', 1, 'educar_funcao_lst.php', '_self', 1, 19, 1, null);
INSERT INTO pmicontrolesis.menu (cod_menu, ref_cod_menu_submenu, ref_cod_menu_pai, tt_menu, ord_menu, caminho, alvo, suprime_menu, ref_cod_tutormenu, ref_cod_ico, tipo_menu) VALUES (21223, 678, 999934, 'Tipos de cor ou raça', 0, 'educar_raca_lst.php', '_self', 1, 20, 1, null);
INSERT INTO pmicontrolesis.menu (cod_menu, ref_cod_menu_submenu, ref_cod_menu_pai, tt_menu, ord_menu, caminho, alvo, suprime_menu, ref_cod_tutormenu, ref_cod_ico, tipo_menu) VALUES (21174, 575, 999918, 'Tipos de transferência', 0, 'educar_transferencia_tipo_lst.php', '_self', 1, 15, 1, null);
INSERT INTO pmicontrolesis.menu (cod_menu, ref_cod_menu_submenu, ref_cod_menu_pai, tt_menu, ord_menu, caminho, alvo, suprime_menu, ref_cod_tutormenu, ref_cod_ico, tipo_menu) VALUES (21173, 580, 999918, 'Tipos de ocorrência disciplinar', 0, 'educar_tipo_ocorrencia_disciplinar_lst.php', '_self', 1, 15, 194, null);
INSERT INTO pmicontrolesis.menu (cod_menu, ref_cod_menu_submenu, ref_cod_menu_pai, tt_menu, ord_menu, caminho, alvo, suprime_menu, ref_cod_tutormenu, ref_cod_ico, tipo_menu) VALUES (21226, null, 999917, 'Regras de avaliação', 2, null, '_self', 1, 15, 195, null);
INSERT INTO pmicontrolesis.menu (cod_menu, ref_cod_menu_submenu, ref_cod_menu_pai, tt_menu, ord_menu, caminho, alvo, suprime_menu, ref_cod_tutormenu, ref_cod_ico, tipo_menu) VALUES (21170, 631, 999934, 'Tipos de deficiência', 0, 'educar_deficiencia_lst.php', '_self', 1, 20, 142, null);
INSERT INTO pmicontrolesis.menu (cod_menu, ref_cod_menu_submenu, ref_cod_menu_pai, tt_menu, ord_menu, caminho, alvo, suprime_menu, ref_cod_tutormenu, ref_cod_ico, tipo_menu) VALUES (21219, 579, 999934, 'Tipos de religião', 0, 'educar_religiao_lst.php', '_self', 1, 20, 1, null);
INSERT INTO pmicontrolesis.menu (cod_menu, ref_cod_menu_submenu, ref_cod_menu_pai, tt_menu, ord_menu, caminho, alvo, suprime_menu, ref_cod_tutormenu, ref_cod_ico, tipo_menu) VALUES (21160, 845, 21124, 'Rematrícula automática', 1, 'educar_avancar_mod_cad.php', '_self', 1, 15, 1, null);
INSERT INTO pmicontrolesis.menu (cod_menu, ref_cod_menu_submenu, ref_cod_menu_pai, tt_menu, ord_menu, caminho, alvo, suprime_menu, ref_cod_tutormenu, ref_cod_ico, tipo_menu) VALUES (21144, 659, 21124, 'Enturmações em lote', 2, 'educar_matriculas_turma_lst.php', '_self', 1, 15, 145, null);
INSERT INTO pmicontrolesis.menu (cod_menu, ref_cod_menu_submenu, ref_cod_menu_pai, tt_menu, ord_menu, caminho, alvo, suprime_menu, ref_cod_tutormenu, ref_cod_ico, tipo_menu) VALUES (20711, null, null, 'Movimentações', 2, null, '_self', 1, 17, 1, null);
INSERT INTO pmicontrolesis.menu (cod_menu, ref_cod_menu_submenu, ref_cod_menu_pai, tt_menu, ord_menu, caminho, alvo, suprime_menu, ref_cod_tutormenu, ref_cod_ico, tipo_menu) VALUES (21235, 21235, 20710, 'Empresas', 0, 'transporte_empresa_lst.php', '_self', 1, 17, 192, null);
INSERT INTO pmicontrolesis.menu (cod_menu, ref_cod_menu_submenu, ref_cod_menu_pai, tt_menu, ord_menu, caminho, alvo, suprime_menu, ref_cod_tutormenu, ref_cod_ico, tipo_menu) VALUES (21236, 21236, 20710, 'Motoristas', 0, 'transporte_motorista_lst.php', '_self', 1, 17, 192, null);
INSERT INTO pmicontrolesis.menu (cod_menu, ref_cod_menu_submenu, ref_cod_menu_pai, tt_menu, ord_menu, caminho, alvo, suprime_menu, ref_cod_tutormenu, ref_cod_ico, tipo_menu) VALUES (21237, 21237, 20710, 'Veículos', 0, 'transporte_veiculo_lst.php', '_self', 1, 17, 192, null);
INSERT INTO pmicontrolesis.menu (cod_menu, ref_cod_menu_submenu, ref_cod_menu_pai, tt_menu, ord_menu, caminho, alvo, suprime_menu, ref_cod_tutormenu, ref_cod_ico, tipo_menu) VALUES (21238, 21238, 20710, 'Pontos', 0, 'transporte_ponto_lst.php', '_self', 1, 17, 192, null);
INSERT INTO pmicontrolesis.menu (cod_menu, ref_cod_menu_submenu, ref_cod_menu_pai, tt_menu, ord_menu, caminho, alvo, suprime_menu, ref_cod_tutormenu, ref_cod_ico, tipo_menu) VALUES (21239, 21239, 20710, 'Rotas', 0, 'transporte_rota_lst.php', '_self', 1, 17, 192, null);
INSERT INTO pmicontrolesis.menu (cod_menu, ref_cod_menu_submenu, ref_cod_menu_pai, tt_menu, ord_menu, caminho, alvo, suprime_menu, ref_cod_tutormenu, ref_cod_ico, tipo_menu) VALUES (21240, 21240, 20711, 'Usuários de transporte', 0, 'transporte_pessoa_lst.php', '_self', 1, 17, 192, null);
INSERT INTO pmicontrolesis.menu (cod_menu, ref_cod_menu_submenu, ref_cod_menu_pai, tt_menu, ord_menu, caminho, alvo, suprime_menu, ref_cod_tutormenu, ref_cod_ico, tipo_menu) VALUES (21221, 572, 21162, 'Tipos de ambiente', 0, 'educar_infra_comodo_funcao_lst.php', '_self', 1, 15, 1, null);
INSERT INTO pmicontrolesis.menu (cod_menu, ref_cod_menu_submenu, ref_cod_menu_pai, tt_menu, ord_menu, caminho, alvo, suprime_menu, ref_cod_tutormenu, ref_cod_ico, tipo_menu) VALUES (21250, 21250, 21171, 'Tipos de projeto', 0, 'educar_projeto_lst.php', '_self', 1, 15, 1, null);
INSERT INTO pmicontrolesis.menu (cod_menu, ref_cod_menu_submenu, ref_cod_menu_pai, tt_menu, ord_menu, caminho, alvo, suprime_menu, ref_cod_tutormenu, ref_cod_ico, tipo_menu) VALUES (999800, null, 21127, 'Documentos CBAL', 7, null, '_self', 1, 15, 21, null);
INSERT INTO pmicontrolesis.menu (cod_menu, ref_cod_menu_submenu, ref_cod_menu_pai, tt_menu, ord_menu, caminho, alvo, suprime_menu, ref_cod_tutormenu, ref_cod_ico, tipo_menu) VALUES (21245, 950, 999918, 'Tipos de abandono', 0, 'educar_abandono_tipo_lst.php', '_self', 1, 15, 1, null);
INSERT INTO pmicontrolesis.menu (cod_menu, ref_cod_menu_submenu, ref_cod_menu_pai, tt_menu, ord_menu, caminho, alvo, suprime_menu, ref_cod_tutormenu, ref_cod_ico, tipo_menu) VALUES (999613, 999613, 999921, 'Históricos escolares', 1, 'module/HistoricoEscolar/processamento', '_self', 1, 15, 192, null);
INSERT INTO pmicontrolesis.menu (cod_menu, ref_cod_menu_submenu, ref_cod_menu_pai, tt_menu, ord_menu, caminho, alvo, suprime_menu, ref_cod_tutormenu, ref_cod_ico, tipo_menu) VALUES (21207, 574, 21122, 'Infraestrutura', 5, 'educar_infra_predio_comodo_lst.php', '_self', 1, 15, 1, null);
INSERT INTO pmicontrolesis.menu (cod_menu, ref_cod_menu_submenu, ref_cod_menu_pai, tt_menu, ord_menu, caminho, alvo, suprime_menu, ref_cod_tutormenu, ref_cod_ico, tipo_menu) VALUES (21152, 642, 999920, 'Faltas e notas', 0, 'module/Avaliacao/diario', '_self', 1, 15, 1, null);
INSERT INTO pmicontrolesis.menu (cod_menu, ref_cod_menu_submenu, ref_cod_menu_pai, tt_menu, ord_menu, caminho, alvo, suprime_menu, ref_cod_tutormenu, ref_cod_ico, tipo_menu) VALUES (999303, null, 21126, 'Indicadores', 6, null, '_self', 1, 15, 24, null);
INSERT INTO pmicontrolesis.menu (cod_menu, ref_cod_menu_submenu, ref_cod_menu_pai, tt_menu, ord_menu, caminho, alvo, suprime_menu, ref_cod_tutormenu, ref_cod_ico, tipo_menu) VALUES (21244, null, 20711, 'Processos', 0, null, '_self', 1, 17, 192, null);
INSERT INTO pmicontrolesis.menu (cod_menu, ref_cod_menu_submenu, ref_cod_menu_pai, tt_menu, ord_menu, caminho, alvo, suprime_menu, ref_cod_tutormenu, ref_cod_ico, tipo_menu) VALUES (21246, 21246, 21244, 'C&oacute;pia de rotas', 0, 'transporte_copia_rotas.php', '_self', 1, 17, 192, null);
INSERT INTO pmicontrolesis.menu (cod_menu, ref_cod_menu_submenu, ref_cod_menu_pai, tt_menu, ord_menu, caminho, alvo, suprime_menu, ref_cod_tutormenu, ref_cod_ico, tipo_menu) VALUES (999811, null, 21127, 'Declarações', 0, null, '_self', 1, 15, 21, null);
INSERT INTO pmicontrolesis.menu (cod_menu, ref_cod_menu_submenu, ref_cod_menu_pai, tt_menu, ord_menu, caminho, alvo, suprime_menu, ref_cod_tutormenu, ref_cod_ico, tipo_menu) VALUES (626, 950, null, 'Alterar datas de entrada/saída de matrículas', 0, '', '_self', 1, 7, 1, null);
INSERT INTO pmicontrolesis.menu (cod_menu, ref_cod_menu_submenu, ref_cod_menu_pai, tt_menu, ord_menu, caminho, alvo, suprime_menu, ref_cod_tutormenu, ref_cod_ico, tipo_menu) VALUES (627, 950, null, 'Cancelar matrícula', 0, '', '_self', 1, 7, 1, null);
INSERT INTO pmicontrolesis.menu (cod_menu, ref_cod_menu_submenu, ref_cod_menu_pai, tt_menu, ord_menu, caminho, alvo, suprime_menu, ref_cod_tutormenu, ref_cod_ico, tipo_menu) VALUES (21145, 21145, 999920, 'Ocorrências disciplinares', 0, 'educar_matricula_ocorrencia_disciplinar_cad.php', '_self', 1, 15, 192, null);
INSERT INTO pmicontrolesis.menu (cod_menu, ref_cod_menu_submenu, ref_cod_menu_pai, tt_menu, ord_menu, caminho, alvo, suprime_menu, ref_cod_tutormenu, ref_cod_ico, tipo_menu) VALUES (999831, null, null, 'Documentos', 4, null, '_self', 1, 16, 1, null);
INSERT INTO pmicontrolesis.menu (cod_menu, ref_cod_menu_submenu, ref_cod_menu_pai, tt_menu, ord_menu, caminho, alvo, suprime_menu, ref_cod_tutormenu, ref_cod_ico, tipo_menu) VALUES (630, 950, null, 'Alterar média final do aluno e situação (para regras de avaliação manuais)', 0, '', '_self', 1, 7, 1, null);
INSERT INTO pmicontrolesis.menu (cod_menu, ref_cod_menu_submenu, ref_cod_menu_pai, tt_menu, ord_menu, caminho, alvo, suprime_menu, ref_cod_tutormenu, ref_cod_ico, tipo_menu) VALUES (999849, 950, null, 'Permitir lançamento de notas/faltas fora do período de bloqueio por etapa', 0, '', '_self', 1, 7, 1, null);
INSERT INTO pmicontrolesis.menu (cod_menu, ref_cod_menu_submenu, ref_cod_menu_pai, tt_menu, ord_menu, caminho, alvo, suprime_menu, ref_cod_tutormenu, ref_cod_ico, tipo_menu) VALUES (999852, null, 21122, 'Bloqueio do ano letivo', 0, null, '_self', 1, 15, 19, null);
INSERT INTO pmicontrolesis.menu (cod_menu, ref_cod_menu_submenu, ref_cod_menu_pai, tt_menu, ord_menu, caminho, alvo, suprime_menu, ref_cod_tutormenu, ref_cod_ico, tipo_menu) VALUES (999850, null, 21127, 'Termos', 0, null, '_self', 1, 15, 19, null);
INSERT INTO pmicontrolesis.menu (cod_menu, ref_cod_menu_submenu, ref_cod_menu_pai, tt_menu, ord_menu, caminho, alvo, suprime_menu, ref_cod_tutormenu, ref_cod_ico, tipo_menu) VALUES (999858, null, 21126, 'Quantitativos', 0, null, '_self', 1, 15, 17, null);
INSERT INTO pmicontrolesis.menu (cod_menu, ref_cod_menu_submenu, ref_cod_menu_pai, tt_menu, ord_menu, caminho, alvo, suprime_menu, ref_cod_tutormenu, ref_cod_ico, tipo_menu) VALUES (999867, 999867, 999866, 'Categoria de obras', 0, 'educar_categoria_lst.php', '_self', 1, 16, 1, null);
INSERT INTO pmicontrolesis.menu (cod_menu, ref_cod_menu_submenu, ref_cod_menu_pai, tt_menu, ord_menu, caminho, alvo, suprime_menu, ref_cod_tutormenu, ref_cod_ico, tipo_menu) VALUES (21130, 635, 999911, 'Servidores', 2, 'educar_servidor_lst.php', '_self', 1, 19, 1, null);
INSERT INTO pmicontrolesis.menu (cod_menu, ref_cod_menu_submenu, ref_cod_menu_pai, tt_menu, ord_menu, caminho, alvo, suprime_menu, ref_cod_tutormenu, ref_cod_ico, tipo_menu) VALUES (21195, 946, 21122, 'Componentes curriculares', 8, 'educar_componente_curricular_lst.php', '_self', 1, 15, 192, null);
INSERT INTO pmicontrolesis.menu (cod_menu, ref_cod_menu_submenu, ref_cod_menu_pai, tt_menu, ord_menu, caminho, alvo, suprime_menu, ref_cod_tutormenu, ref_cod_ico, tipo_menu) VALUES (999827, null, 21126, 'Gerenciais', 0, null, '_self', 1, 15, 17, null);
INSERT INTO pmicontrolesis.menu (cod_menu, ref_cod_menu_submenu, ref_cod_menu_pai, tt_menu, ord_menu, caminho, alvo, suprime_menu, ref_cod_tutormenu, ref_cod_ico, tipo_menu) VALUES (999861, null, 21127, 'Fichas', 8, null, '_self', 1, 15, 19, null);
INSERT INTO pmicontrolesis.menu (cod_menu, ref_cod_menu_submenu, ref_cod_menu_pai, tt_menu, ord_menu, caminho, alvo, suprime_menu, ref_cod_tutormenu, ref_cod_ico, tipo_menu) VALUES (999878, 950, null, 'Permitir editar endereço no cadastro de pessoa física', 0, '', '_self', 1, 7, 1, null);
INSERT INTO pmicontrolesis.menu (cod_menu, ref_cod_menu_submenu, ref_cod_menu_pai, tt_menu, ord_menu, caminho, alvo, suprime_menu, ref_cod_tutormenu, ref_cod_ico, tipo_menu) VALUES (15858, null, null, 'Cadastros', 1, null, '_self', 1, 16, 1, null);
INSERT INTO pmicontrolesis.menu (cod_menu, ref_cod_menu_submenu, ref_cod_menu_pai, tt_menu, ord_menu, caminho, alvo, suprime_menu, ref_cod_tutormenu, ref_cod_ico, tipo_menu) VALUES (999900, 594, 15858, 'Tipos', 1, null, '_self', 1, 16, null, null);
INSERT INTO pmicontrolesis.menu (cod_menu, ref_cod_menu_submenu, ref_cod_menu_pai, tt_menu, ord_menu, caminho, alvo, suprime_menu, ref_cod_tutormenu, ref_cod_ico, tipo_menu) VALUES (999901, 594, 999900, 'Obras', 1, null, '_self', 1, 16, null, null);
INSERT INTO pmicontrolesis.menu (cod_menu, ref_cod_menu_submenu, ref_cod_menu_pai, tt_menu, ord_menu, caminho, alvo, suprime_menu, ref_cod_tutormenu, ref_cod_ico, tipo_menu) VALUES (999866, 598, 999901, 'Categorias', 0, 'educar_categoria_lst.php', '_self', 1, 16, 1, null);
INSERT INTO pmicontrolesis.menu (cod_menu, ref_cod_menu_submenu, ref_cod_menu_pai, tt_menu, ord_menu, caminho, alvo, suprime_menu, ref_cod_tutormenu, ref_cod_ico, tipo_menu) VALUES (15877, 592, 999901, 'Assuntos', 0, 'educar_acervo_assunto_lst.php', '_self', 1, 16, 1, null);
INSERT INTO pmicontrolesis.menu (cod_menu, ref_cod_menu_submenu, ref_cod_menu_pai, tt_menu, ord_menu, caminho, alvo, suprime_menu, ref_cod_tutormenu, ref_cod_ico, tipo_menu) VALUES (15881, 594, 999901, 'Autores', 0, 'educar_acervo_autor_lst.php', '_self', 1, 16, 141, null);
INSERT INTO pmicontrolesis.menu (cod_menu, ref_cod_menu_submenu, ref_cod_menu_pai, tt_menu, ord_menu, caminho, alvo, suprime_menu, ref_cod_tutormenu, ref_cod_ico, tipo_menu) VALUES (15882, 593, 999901, 'Coleções', 0, 'educar_acervo_colecao_lst.php', '_self', 1, 16, 119, null);
INSERT INTO pmicontrolesis.menu (cod_menu, ref_cod_menu_submenu, ref_cod_menu_pai, tt_menu, ord_menu, caminho, alvo, suprime_menu, ref_cod_tutormenu, ref_cod_ico, tipo_menu) VALUES (15883, 595, 999901, 'Editoras', 0, 'educar_acervo_editora_lst.php', '_self', 1, 16, 176, null);
INSERT INTO pmicontrolesis.menu (cod_menu, ref_cod_menu_submenu, ref_cod_menu_pai, tt_menu, ord_menu, caminho, alvo, suprime_menu, ref_cod_tutormenu, ref_cod_ico, tipo_menu) VALUES (15884, 590, 999901, 'Idiomas', 0, 'educar_acervo_idioma_lst.php', '_self', 1, 16, 26, null);
INSERT INTO pmicontrolesis.menu (cod_menu, ref_cod_menu_submenu, ref_cod_menu_pai, tt_menu, ord_menu, caminho, alvo, suprime_menu, ref_cod_tutormenu, ref_cod_ico, tipo_menu) VALUES (15889, 608, 999901, 'Fontes', 0, 'educar_fonte_lst.php', '_self', 1, 16, 1, null);
INSERT INTO pmicontrolesis.menu (cod_menu, ref_cod_menu_submenu, ref_cod_menu_pai, tt_menu, ord_menu, caminho, alvo, suprime_menu, ref_cod_tutormenu, ref_cod_ico, tipo_menu) VALUES (999903, 594, 999900, 'Exemplares', 3, null, '_self', 1, 16, null, null);
INSERT INTO pmicontrolesis.menu (cod_menu, ref_cod_menu_submenu, ref_cod_menu_pai, tt_menu, ord_menu, caminho, alvo, suprime_menu, ref_cod_tutormenu, ref_cod_ico, tipo_menu) VALUES (15885, 597, 999903, 'Tipos de exemplar', 1, 'educar_exemplar_tipo_lst.php', '_self', 1, 16, 177, null);
INSERT INTO pmicontrolesis.menu (cod_menu, ref_cod_menu_submenu, ref_cod_menu_pai, tt_menu, ord_menu, caminho, alvo, suprime_menu, ref_cod_tutormenu, ref_cod_ico, tipo_menu) VALUES (15891, 602, 999903, 'Tipos de situação de exemplar', 2, 'educar_situacao_lst.php', '_self', 1, 16, 1, null);
INSERT INTO pmicontrolesis.menu (cod_menu, ref_cod_menu_submenu, ref_cod_menu_pai, tt_menu, ord_menu, caminho, alvo, suprime_menu, ref_cod_tutormenu, ref_cod_ico, tipo_menu) VALUES (15887, 600, 999903, 'Motivos de baixa', 3, 'educar_motivo_baixa_lst.php', '_self', 1, 16, 1, null);
INSERT INTO pmicontrolesis.menu (cod_menu, ref_cod_menu_submenu, ref_cod_menu_pai, tt_menu, ord_menu, caminho, alvo, suprime_menu, ref_cod_tutormenu, ref_cod_ico, tipo_menu) VALUES (999904, 594, 999900, 'Clientes', 4, null, '_self', 1, 16, null, null);
INSERT INTO pmicontrolesis.menu (cod_menu, ref_cod_menu_submenu, ref_cod_menu_pai, tt_menu, ord_menu, caminho, alvo, suprime_menu, ref_cod_tutormenu, ref_cod_ico, tipo_menu) VALUES (15886, 596, 999904, 'Tipos de cliente', 1, 'educar_cliente_tipo_lst.php', '_self', 1, 16, 62, null);
INSERT INTO pmicontrolesis.menu (cod_menu, ref_cod_menu_submenu, ref_cod_menu_pai, tt_menu, ord_menu, caminho, alvo, suprime_menu, ref_cod_tutormenu, ref_cod_ico, tipo_menu) VALUES (15888, 607, 999904, 'Motivos de suspensão', 2, 'educar_motivo_suspensao_lst.php', '_self', 1, 16, 1, null);
INSERT INTO pmicontrolesis.menu (cod_menu, ref_cod_menu_submenu, ref_cod_menu_pai, tt_menu, ord_menu, caminho, alvo, suprime_menu, ref_cod_tutormenu, ref_cod_ico, tipo_menu) VALUES (15880, 591, 15858, 'Bibliotecas', 2, 'educar_biblioteca_lst.php', '_self', 1, 16, 1, null);
INSERT INTO pmicontrolesis.menu (cod_menu, ref_cod_menu_submenu, ref_cod_menu_pai, tt_menu, ord_menu, caminho, alvo, suprime_menu, ref_cod_tutormenu, ref_cod_ico, tipo_menu) VALUES (15890, 629, 15858, 'Configurações', 2, 'educar_biblioteca_dados_lst.php', '_self', 1, 16, 143, null);
INSERT INTO pmicontrolesis.menu (cod_menu, ref_cod_menu_submenu, ref_cod_menu_pai, tt_menu, ord_menu, caminho, alvo, suprime_menu, ref_cod_tutormenu, ref_cod_ico, tipo_menu) VALUES (15878, 598, 15858, 'Obras', 3, 'educar_acervo_lst.php', '_self', 1, 16, 1, null);
INSERT INTO pmicontrolesis.menu (cod_menu, ref_cod_menu_submenu, ref_cod_menu_pai, tt_menu, ord_menu, caminho, alvo, suprime_menu, ref_cod_tutormenu, ref_cod_ico, tipo_menu) VALUES (15879, 606, 15858, 'Exemplares', 4, 'educar_exemplar_lst.php', '_self', 1, 16, 1, null);
INSERT INTO pmicontrolesis.menu (cod_menu, ref_cod_menu_submenu, ref_cod_menu_pai, tt_menu, ord_menu, caminho, alvo, suprime_menu, ref_cod_tutormenu, ref_cod_ico, tipo_menu) VALUES (15892, 603, 15858, 'Clientes', 5, 'educar_cliente_lst.php', '_self', 1, 16, 1, null);
INSERT INTO pmicontrolesis.menu (cod_menu, ref_cod_menu_submenu, ref_cod_menu_pai, tt_menu, ord_menu, caminho, alvo, suprime_menu, ref_cod_tutormenu, ref_cod_ico, tipo_menu) VALUES (15869, 609, 15859, 'Reservas', 1, 'educar_reservas_lst.php', '_self', 1, 16, 1, null);
INSERT INTO pmicontrolesis.menu (cod_menu, ref_cod_menu_submenu, ref_cod_menu_pai, tt_menu, ord_menu, caminho, alvo, suprime_menu, ref_cod_tutormenu, ref_cod_ico, tipo_menu) VALUES (15894, 610, 15859, 'Empréstimos', 2, 'module/Biblioteca/emprestimo', '_self', 1, 16, 1, null);
INSERT INTO pmicontrolesis.menu (cod_menu, ref_cod_menu_submenu, ref_cod_menu_pai, tt_menu, ord_menu, caminho, alvo, suprime_menu, ref_cod_tutormenu, ref_cod_ico, tipo_menu) VALUES (15895, 628, 15859, 'Devoluções', 3, 'educar_exemplar_devolucao_lst.php', '_self', 1, 16, 1, null);
INSERT INTO pmicontrolesis.menu (cod_menu, ref_cod_menu_submenu, ref_cod_menu_pai, tt_menu, ord_menu, caminho, alvo, suprime_menu, ref_cod_tutormenu, ref_cod_ico, tipo_menu) VALUES (15893, 622, 15859, 'Dívidas', 4, 'educar_pagamento_multa_lst.php', '_self', 1, 16, 1, null);
INSERT INTO pmicontrolesis.menu (cod_menu, ref_cod_menu_submenu, ref_cod_menu_pai, tt_menu, ord_menu, caminho, alvo, suprime_menu, ref_cod_tutormenu, ref_cod_ico, tipo_menu) VALUES (999905, 594, 999614, 'Cadastrais', 1, null, '_self', 1, 16, null, null);
INSERT INTO pmicontrolesis.menu (cod_menu, ref_cod_menu_submenu, ref_cod_menu_pai, tt_menu, ord_menu, caminho, alvo, suprime_menu, ref_cod_tutormenu, ref_cod_ico, tipo_menu) VALUES (15859, null, null, 'Movimentações', 2, null, '_self', 1, 16, 1, null);
INSERT INTO pmicontrolesis.menu (cod_menu, ref_cod_menu_submenu, ref_cod_menu_pai, tt_menu, ord_menu, caminho, alvo, suprime_menu, ref_cod_tutormenu, ref_cod_ico, tipo_menu) VALUES (999906, 594, 999614, 'Movimentações', 2, null, '_self', 1, 16, null, null);
INSERT INTO pmicontrolesis.menu (cod_menu, ref_cod_menu_submenu, ref_cod_menu_pai, tt_menu, ord_menu, caminho, alvo, suprime_menu, ref_cod_tutormenu, ref_cod_ico, tipo_menu) VALUES (999907, 594, 999831, 'Comprovantes', 3, null, '_self', 1, 16, null, null);
INSERT INTO pmicontrolesis.menu (cod_menu, ref_cod_menu_submenu, ref_cod_menu_pai, tt_menu, ord_menu, caminho, alvo, suprime_menu, ref_cod_tutormenu, ref_cod_ico, tipo_menu) VALUES (999908, null, null, 'Permissões', 1, null, '_self', 1, 18, null, null);
INSERT INTO pmicontrolesis.menu (cod_menu, ref_cod_menu_submenu, ref_cod_menu_pai, tt_menu, ord_menu, caminho, alvo, suprime_menu, ref_cod_tutormenu, ref_cod_ico, tipo_menu) VALUES (554, 554, 999908, 'Tipos de usuário', 3, 'educar_tipo_usuario_lst.php   ', '_self', 1, 18, null, null);
INSERT INTO pmicontrolesis.menu (cod_menu, ref_cod_menu_submenu, ref_cod_menu_pai, tt_menu, ord_menu, caminho, alvo, suprime_menu, ref_cod_tutormenu, ref_cod_ico, tipo_menu) VALUES (555, 555, 999908, 'Usuários', 3, 'educar_usuario_lst.php', '_self', 1, 18, null, null);
INSERT INTO pmicontrolesis.menu (cod_menu, ref_cod_menu_submenu, ref_cod_menu_pai, tt_menu, ord_menu, caminho, alvo, suprime_menu, ref_cod_tutormenu, ref_cod_ico, tipo_menu) VALUES (999909, null, null, 'Configurações', 2, null, '_self', 1, 18, null, null);
INSERT INTO pmicontrolesis.menu (cod_menu, ref_cod_menu_submenu, ref_cod_menu_pai, tt_menu, ord_menu, caminho, alvo, suprime_menu, ref_cod_tutormenu, ref_cod_ico, tipo_menu) VALUES (999873, 999873, 999909, 'Configurações gerais', 3, 'educar_configuracoes_gerais.php', '_self', 1, 18, null, null);
INSERT INTO pmicontrolesis.menu (cod_menu, ref_cod_menu_submenu, ref_cod_menu_pai, tt_menu, ord_menu, caminho, alvo, suprime_menu, ref_cod_tutormenu, ref_cod_ico, tipo_menu) VALUES (999910, null, null, 'Ferramentas', 3, null, '_self', 1, 18, null, null);
INSERT INTO pmicontrolesis.menu (cod_menu, ref_cod_menu_submenu, ref_cod_menu_pai, tt_menu, ord_menu, caminho, alvo, suprime_menu, ref_cod_tutormenu, ref_cod_ico, tipo_menu) VALUES (999869, 999869, 999910, 'Exportação de usuários', 1, 'educar_exportacao_usuarios.php', '_self', 1, 18, null, null);
INSERT INTO pmicontrolesis.menu (cod_menu, ref_cod_menu_submenu, ref_cod_menu_pai, tt_menu, ord_menu, caminho, alvo, suprime_menu, ref_cod_tutormenu, ref_cod_ico, tipo_menu) VALUES (644, 644, 999910, 'Atualização de matrículas', 2, 'module/Avaliacao/Promocao', '_self', 1, 18, null, null);
INSERT INTO pmicontrolesis.menu (cod_menu, ref_cod_menu_submenu, ref_cod_menu_pai, tt_menu, ord_menu, caminho, alvo, suprime_menu, ref_cod_tutormenu, ref_cod_ico, tipo_menu) VALUES (999911, null, null, 'Cadastros', 1, null, '_self', 1, 19, null, null);
INSERT INTO pmicontrolesis.menu (cod_menu, ref_cod_menu_submenu, ref_cod_menu_pai, tt_menu, ord_menu, caminho, alvo, suprime_menu, ref_cod_tutormenu, ref_cod_ico, tipo_menu) VALUES (999912, null, 999911, 'Tipos', 1, null, '_self', 1, 19, null, null);
INSERT INTO pmicontrolesis.menu (cod_menu, ref_cod_menu_submenu, ref_cod_menu_pai, tt_menu, ord_menu, caminho, alvo, suprime_menu, ref_cod_tutormenu, ref_cod_ico, tipo_menu) VALUES (21146, 632, 999912, 'Escolaridade', 2, 'educar_escolaridade_lst.php', '_self', 1, 19, 1, null);
INSERT INTO pmicontrolesis.menu (cod_menu, ref_cod_menu_submenu, ref_cod_menu_pai, tt_menu, ord_menu, caminho, alvo, suprime_menu, ref_cod_tutormenu, ref_cod_ico, tipo_menu) VALUES (21156, 829, 999912, 'Categoria ou níveis', 3, 'educar_categoria_nivel_lst.php', '_self', 1, 19, 20, null);
INSERT INTO pmicontrolesis.menu (cod_menu, ref_cod_menu_submenu, ref_cod_menu_pai, tt_menu, ord_menu, caminho, alvo, suprime_menu, ref_cod_tutormenu, ref_cod_ico, tipo_menu) VALUES (21151, 633, 999912, 'Motivos de afastamento', 4, 'educar_motivo_afastamento_lst.php', '_self', 1, 19, 1, null);
INSERT INTO pmicontrolesis.menu (cod_menu, ref_cod_menu_submenu, ref_cod_menu_pai, tt_menu, ord_menu, caminho, alvo, suprime_menu, ref_cod_tutormenu, ref_cod_ico, tipo_menu) VALUES (21137, 641, 999911, 'Quadros de horários', 3, 'educar_quadro_horario_lst.php', '_self', 1, 19, 105, null);
INSERT INTO pmicontrolesis.menu (cod_menu, ref_cod_menu_submenu, ref_cod_menu_pai, tt_menu, ord_menu, caminho, alvo, suprime_menu, ref_cod_tutormenu, ref_cod_ico, tipo_menu) VALUES (999913, null, null, 'Relatórios', 2, null, '_self', 1, 19, null, null);
INSERT INTO pmicontrolesis.menu (cod_menu, ref_cod_menu_submenu, ref_cod_menu_pai, tt_menu, ord_menu, caminho, alvo, suprime_menu, ref_cod_tutormenu, ref_cod_ico, tipo_menu) VALUES (999914, null, 999913, 'Cadastrais', 1, null, '_self', 1, 19, null, null);
INSERT INTO pmicontrolesis.menu (cod_menu, ref_cod_menu_submenu, ref_cod_menu_pai, tt_menu, ord_menu, caminho, alvo, suprime_menu, ref_cod_tutormenu, ref_cod_ico, tipo_menu) VALUES (999915, null, 999913, 'Indicadores', 2, null, '_self', 1, 19, null, null);
INSERT INTO pmicontrolesis.menu (cod_menu, ref_cod_menu_submenu, ref_cod_menu_pai, tt_menu, ord_menu, caminho, alvo, suprime_menu, ref_cod_tutormenu, ref_cod_ico, tipo_menu) VALUES (999916, null, null, 'Documentos', 3, null, '_self', 1, 19, null, null);
INSERT INTO pmicontrolesis.menu (cod_menu, ref_cod_menu_submenu, ref_cod_menu_pai, tt_menu, ord_menu, caminho, alvo, suprime_menu, ref_cod_tutormenu, ref_cod_ico, tipo_menu) VALUES (999917, null, 21122, 'Tipos', 1, null, '_self', 1, 15, null, null);
INSERT INTO pmicontrolesis.menu (cod_menu, ref_cod_menu_submenu, ref_cod_menu_pai, tt_menu, ord_menu, caminho, alvo, suprime_menu, ref_cod_tutormenu, ref_cod_ico, tipo_menu) VALUES (999918, null, 999917, 'Matrículas', 2, null, '_self', 1, 15, null, null);
INSERT INTO pmicontrolesis.menu (cod_menu, ref_cod_menu_submenu, ref_cod_menu_pai, tt_menu, ord_menu, caminho, alvo, suprime_menu, ref_cod_tutormenu, ref_cod_ico, tipo_menu) VALUES (21228, 948, 21226, 'Fórmulas de cálculo de média', 0, 'module/FormulaMedia/index', '_self', 1, 15, 198, null);
INSERT INTO pmicontrolesis.menu (cod_menu, ref_cod_menu_submenu, ref_cod_menu_pai, tt_menu, ord_menu, caminho, alvo, suprime_menu, ref_cod_tutormenu, ref_cod_ico, tipo_menu) VALUES (21229, 949, 21226, 'Tabelas de arredondamento', 0, 'module/TabelaArredondamento/index', '_self', 1, 15, 199, null);
INSERT INTO pmicontrolesis.menu (cod_menu, ref_cod_menu_submenu, ref_cod_menu_pai, tt_menu, ord_menu, caminho, alvo, suprime_menu, ref_cod_tutormenu, ref_cod_ico, tipo_menu) VALUES (999919, null, 999917, 'Componentes curriculares', 3, null, '_self', 1, 15, null, null);
INSERT INTO pmicontrolesis.menu (cod_menu, ref_cod_menu_submenu, ref_cod_menu_pai, tt_menu, ord_menu, caminho, alvo, suprime_menu, ref_cod_tutormenu, ref_cod_ico, tipo_menu) VALUES (21206, 945, 999919, 'Áreas de conhecimento', 0, 'module/AreaConhecimento/index', '_self', 1, 15, 189, null);
INSERT INTO pmicontrolesis.menu (cod_menu, ref_cod_menu_submenu, ref_cod_menu_pai, tt_menu, ord_menu, caminho, alvo, suprime_menu, ref_cod_tutormenu, ref_cod_ico, tipo_menu) VALUES (21213, 577, 999919, 'Tipos de dispensa', 0, 'educar_tipo_dispensa_lst.php', '_self', 1, 15, 193, null);
INSERT INTO pmicontrolesis.menu (cod_menu, ref_cod_menu_submenu, ref_cod_menu_pai, tt_menu, ord_menu, caminho, alvo, suprime_menu, ref_cod_tutormenu, ref_cod_ico, tipo_menu) VALUES (21140, null, 999917, 'Cursos', 4, null, '_self', 1, 15, 20, null);
INSERT INTO pmicontrolesis.menu (cod_menu, ref_cod_menu_submenu, ref_cod_menu_pai, tt_menu, ord_menu, caminho, alvo, suprime_menu, ref_cod_tutormenu, ref_cod_ico, tipo_menu) VALUES (21208, 573, 21140, 'Tipos de habilitação', 0, 'educar_habilitacao_lst.php', '_self', 1, 15, 1, null);
INSERT INTO pmicontrolesis.menu (cod_menu, ref_cod_menu_submenu, ref_cod_menu_pai, tt_menu, ord_menu, caminho, alvo, suprime_menu, ref_cod_tutormenu, ref_cod_ico, tipo_menu) VALUES (21220, 568, 21140, 'Tipos de regime', 0, 'educar_tipo_regime_lst.php', '_self', 1, 15, 1, null);
INSERT INTO pmicontrolesis.menu (cod_menu, ref_cod_menu_submenu, ref_cod_menu_pai, tt_menu, ord_menu, caminho, alvo, suprime_menu, ref_cod_tutormenu, ref_cod_ico, tipo_menu) VALUES (21222, 558, 21140, 'Tipos de ensino', 0, 'educar_tipo_ensino_lst.php', '_self', 1, 15, 124, null);
INSERT INTO pmicontrolesis.menu (cod_menu, ref_cod_menu_submenu, ref_cod_menu_pai, tt_menu, ord_menu, caminho, alvo, suprime_menu, ref_cod_tutormenu, ref_cod_ico, tipo_menu) VALUES (21224, 571, 21140, 'Tipos de nível ensino', 0, 'educar_nivel_ensino_lst.php', '_self', 1, 15, 1, null);
INSERT INTO pmicontrolesis.menu (cod_menu, ref_cod_menu_submenu, ref_cod_menu_pai, tt_menu, ord_menu, caminho, alvo, suprime_menu, ref_cod_tutormenu, ref_cod_ico, tipo_menu) VALUES (21161, null, 999917, 'Escolas', 5, null, '_self', 1, 15, 91, null);
INSERT INTO pmicontrolesis.menu (cod_menu, ref_cod_menu_submenu, ref_cod_menu_pai, tt_menu, ord_menu, caminho, alvo, suprime_menu, ref_cod_tutormenu, ref_cod_ico, tipo_menu) VALUES (21211, 562, 21161, 'Tipos de localização', 0, 'educar_escola_localizacao_lst.php', '_self', 1, 15, 1, null);
INSERT INTO pmicontrolesis.menu (cod_menu, ref_cod_menu_submenu, ref_cod_menu_pai, tt_menu, ord_menu, caminho, alvo, suprime_menu, ref_cod_tutormenu, ref_cod_ico, tipo_menu) VALUES (21218, 647, 21161, 'Tipos de rede de ensino', 0, 'educar_escola_rede_ensino_lst.php', '_self', 1, 15, 1, null);
INSERT INTO pmicontrolesis.menu (cod_menu, ref_cod_menu_submenu, ref_cod_menu_pai, tt_menu, ord_menu, caminho, alvo, suprime_menu, ref_cod_tutormenu, ref_cod_ico, tipo_menu) VALUES (21159, 584, 21161, 'Tipos de módulos', 0, 'educar_modulo_lst.php', '_self', 1, 15, 1, null);
INSERT INTO pmicontrolesis.menu (cod_menu, ref_cod_menu_submenu, ref_cod_menu_pai, tt_menu, ord_menu, caminho, alvo, suprime_menu, ref_cod_tutormenu, ref_cod_ico, tipo_menu) VALUES (21150, null, 999917, 'Séries', 6, null, '_self', 1, 15, 37, null);
INSERT INTO pmicontrolesis.menu (cod_menu, ref_cod_menu_submenu, ref_cod_menu_pai, tt_menu, ord_menu, caminho, alvo, suprime_menu, ref_cod_tutormenu, ref_cod_ico, tipo_menu) VALUES (21157, 587, 21150, 'Sequências de enturmação', 0, 'educar_sequencia_serie_lst.php', '_self', 1, 15, 145, null);
INSERT INTO pmicontrolesis.menu (cod_menu, ref_cod_menu_submenu, ref_cod_menu_pai, tt_menu, ord_menu, caminho, alvo, suprime_menu, ref_cod_tutormenu, ref_cod_ico, tipo_menu) VALUES (21165, null, 999917, 'Turmas', 7, null, '_self', 1, 15, 141, null);
INSERT INTO pmicontrolesis.menu (cod_menu, ref_cod_menu_submenu, ref_cod_menu_pai, tt_menu, ord_menu, caminho, alvo, suprime_menu, ref_cod_tutormenu, ref_cod_ico, tipo_menu) VALUES (21215, 570, 21165, 'Tipos de turma', 0, 'educar_turma_tipo_lst.php', '_self', 1, 15, 1, null);
INSERT INTO pmicontrolesis.menu (cod_menu, ref_cod_menu_submenu, ref_cod_menu_pai, tt_menu, ord_menu, caminho, alvo, suprime_menu, ref_cod_tutormenu, ref_cod_ico, tipo_menu) VALUES (21162, null, 999917, 'Infraestrutura', 8, null, '_self', 1, 15, 108, null);
INSERT INTO pmicontrolesis.menu (cod_menu, ref_cod_menu_submenu, ref_cod_menu_pai, tt_menu, ord_menu, caminho, alvo, suprime_menu, ref_cod_tutormenu, ref_cod_ico, tipo_menu) VALUES (21169, null, 999917, 'Calendários', 9, null, '_self', 1, 15, 104, null);
INSERT INTO pmicontrolesis.menu (cod_menu, ref_cod_menu_submenu, ref_cod_menu_pai, tt_menu, ord_menu, caminho, alvo, suprime_menu, ref_cod_tutormenu, ref_cod_ico, tipo_menu) VALUES (21209, 576, 21169, 'Tipos de evento do calendário', 0, 'educar_calendario_dia_motivo_lst.php', '_self', 1, 15, 1, null);
INSERT INTO pmicontrolesis.menu (cod_menu, ref_cod_menu_submenu, ref_cod_menu_pai, tt_menu, ord_menu, caminho, alvo, suprime_menu, ref_cod_tutormenu, ref_cod_ico, tipo_menu) VALUES (21205, 578, 21122, 'Alunos', 2, 'educar_aluno_lst.php', '_self', 1, 15, 1, null);
INSERT INTO pmicontrolesis.menu (cod_menu, ref_cod_menu_submenu, ref_cod_menu_pai, tt_menu, ord_menu, caminho, alvo, suprime_menu, ref_cod_tutormenu, ref_cod_ico, tipo_menu) VALUES (21198, 561, 21122, 'Escolas', 3, 'educar_escola_lst.php', '_self', 1, 15, 1, null);
INSERT INTO pmicontrolesis.menu (cod_menu, ref_cod_menu_submenu, ref_cod_menu_pai, tt_menu, ord_menu, caminho, alvo, suprime_menu, ref_cod_tutormenu, ref_cod_ico, tipo_menu) VALUES (21128, 559, 21122, 'Instituição', 4, 'educar_instituicao_lst.php', '_self', 1, 15, 26, null);
INSERT INTO pmicontrolesis.menu (cod_menu, ref_cod_menu_submenu, ref_cod_menu_pai, tt_menu, ord_menu, caminho, alvo, suprime_menu, ref_cod_tutormenu, ref_cod_ico, tipo_menu) VALUES (21199, 620, 21122, 'Calendários', 6, 'educar_calendario_ano_letivo_lst.php', '_self', 1, 15, 1, null);
INSERT INTO pmicontrolesis.menu (cod_menu, ref_cod_menu_submenu, ref_cod_menu_pai, tt_menu, ord_menu, caminho, alvo, suprime_menu, ref_cod_tutormenu, ref_cod_ico, tipo_menu) VALUES (21227, 947, 21122, 'Regras de avaliação', 7, 'module/RegraAvaliacao/index', '_self', 1, 15, 197, null);
INSERT INTO pmicontrolesis.menu (cod_menu, ref_cod_menu_submenu, ref_cod_menu_pai, tt_menu, ord_menu, caminho, alvo, suprime_menu, ref_cod_tutormenu, ref_cod_ico, tipo_menu) VALUES (21124, null, null, 'Movimentações', 2, null, '_self', 1, 15, 1, null);
INSERT INTO pmicontrolesis.menu (cod_menu, ref_cod_menu_submenu, ref_cod_menu_pai, tt_menu, ord_menu, caminho, alvo, suprime_menu, ref_cod_tutormenu, ref_cod_ico, tipo_menu) VALUES (999920, null, null, 'Lançamentos', 3, null, '_self', 1, 15, null, null);
INSERT INTO pmicontrolesis.menu (cod_menu, ref_cod_menu_submenu, ref_cod_menu_pai, tt_menu, ord_menu, caminho, alvo, suprime_menu, ref_cod_tutormenu, ref_cod_ico, tipo_menu) VALUES (999921, null, null, 'Processos', 4, null, '_self', 1, 15, null, null);
INSERT INTO pmicontrolesis.menu (cod_menu, ref_cod_menu_submenu, ref_cod_menu_pai, tt_menu, ord_menu, caminho, alvo, suprime_menu, ref_cod_tutormenu, ref_cod_ico, tipo_menu) VALUES (21202, 566, 21122, 'Cursos', 10, 'educar_curso_lst.php', '_self', 1, 15, 1, null);
INSERT INTO pmicontrolesis.menu (cod_menu, ref_cod_menu_submenu, ref_cod_menu_pai, tt_menu, ord_menu, caminho, alvo, suprime_menu, ref_cod_tutormenu, ref_cod_ico, tipo_menu) VALUES (21201, 583, 21122, 'Séries', 11, 'educar_serie_lst.php', '_self', 1, 15, 1, null);
INSERT INTO pmicontrolesis.menu (cod_menu, ref_cod_menu_submenu, ref_cod_menu_pai, tt_menu, ord_menu, caminho, alvo, suprime_menu, ref_cod_tutormenu, ref_cod_ico, tipo_menu) VALUES (21216, 585, 21122, 'Séries da escola', 12, 'educar_escola_serie_lst.php', '_self', 1, 15, 1, null);
INSERT INTO pmicontrolesis.menu (cod_menu, ref_cod_menu_submenu, ref_cod_menu_pai, tt_menu, ord_menu, caminho, alvo, suprime_menu, ref_cod_tutormenu, ref_cod_ico, tipo_menu) VALUES (21197, 586, 21122, 'Turmas', 13, 'educar_turma_lst.php', '_self', 1, 15, 1, null);
INSERT INTO pmicontrolesis.menu (cod_menu, ref_cod_menu_submenu, ref_cod_menu_pai, tt_menu, ord_menu, caminho, alvo, suprime_menu, ref_cod_tutormenu, ref_cod_ico, tipo_menu) VALUES (999301, null, 21126, 'Movimentações', 2, null, '_self', 1, 15, 31, null);
INSERT INTO pmicontrolesis.menu (cod_menu, ref_cod_menu_submenu, ref_cod_menu_pai, tt_menu, ord_menu, caminho, alvo, suprime_menu, ref_cod_tutormenu, ref_cod_ico, tipo_menu) VALUES (999922, null, 21126, 'Lançamentos', 3, null, '_self', 1, 15, null, null);
INSERT INTO pmicontrolesis.menu (cod_menu, ref_cod_menu_submenu, ref_cod_menu_pai, tt_menu, ord_menu, caminho, alvo, suprime_menu, ref_cod_tutormenu, ref_cod_ico, tipo_menu) VALUES (999300, null, 21126, 'Cadastrais', 4, null, '_self', 1, 15, 20, null);
INSERT INTO pmicontrolesis.menu (cod_menu, ref_cod_menu_submenu, ref_cod_menu_pai, tt_menu, ord_menu, caminho, alvo, suprime_menu, ref_cod_tutormenu, ref_cod_ico, tipo_menu) VALUES (999923, null, 21126, 'Matrículas', 5, null, '_self', 1, 15, null, null);
INSERT INTO pmicontrolesis.menu (cod_menu, ref_cod_menu_submenu, ref_cod_menu_pai, tt_menu, ord_menu, caminho, alvo, suprime_menu, ref_cod_tutormenu, ref_cod_ico, tipo_menu) VALUES (999924, null, 21126, 'Vagas', 7, null, '_self', 1, 15, null, null);
INSERT INTO pmicontrolesis.menu (cod_menu, ref_cod_menu_submenu, ref_cod_menu_pai, tt_menu, ord_menu, caminho, alvo, suprime_menu, ref_cod_tutormenu, ref_cod_ico, tipo_menu) VALUES (999450, null, 21127, 'Boletins', 2, null, '_self', 1, 15, 19, null);
INSERT INTO pmicontrolesis.menu (cod_menu, ref_cod_menu_submenu, ref_cod_menu_pai, tt_menu, ord_menu, caminho, alvo, suprime_menu, ref_cod_tutormenu, ref_cod_ico, tipo_menu) VALUES (999925, null, 21127, 'Resultados', 3, null, '_self', 1, 15, null, null);
INSERT INTO pmicontrolesis.menu (cod_menu, ref_cod_menu_submenu, ref_cod_menu_pai, tt_menu, ord_menu, caminho, alvo, suprime_menu, ref_cod_tutormenu, ref_cod_ico, tipo_menu) VALUES (999600, null, 21127, 'Carteiras', 4, null, '_self', 1, 15, 20, null);
INSERT INTO pmicontrolesis.menu (cod_menu, ref_cod_menu_submenu, ref_cod_menu_pai, tt_menu, ord_menu, caminho, alvo, suprime_menu, ref_cod_tutormenu, ref_cod_ico, tipo_menu) VALUES (999807, null, 21127, 'Certificados', 5, null, '_self', 1, 15, 25, null);
INSERT INTO pmicontrolesis.menu (cod_menu, ref_cod_menu_submenu, ref_cod_menu_pai, tt_menu, ord_menu, caminho, alvo, suprime_menu, ref_cod_tutormenu, ref_cod_ico, tipo_menu) VALUES (999865, 999861, 21127, 'Documentação padrão', 6, 'DocumentacaoPadrao.php', '_self', 1, 15, 21, null);
INSERT INTO pmicontrolesis.menu (cod_menu, ref_cod_menu_submenu, ref_cod_menu_pai, tt_menu, ord_menu, caminho, alvo, suprime_menu, ref_cod_tutormenu, ref_cod_ico, tipo_menu) VALUES (999460, null, 21127, 'Históricos', 9, null, '_self', 1, 15, 25, null);
INSERT INTO pmicontrolesis.menu (cod_menu, ref_cod_menu_submenu, ref_cod_menu_pai, tt_menu, ord_menu, caminho, alvo, suprime_menu, ref_cod_tutormenu, ref_cod_ico, tipo_menu) VALUES (999500, null, 21127, 'Registros', 10, null, '_self', 1, 15, 36, null);
INSERT INTO pmicontrolesis.menu (cod_menu, ref_cod_menu_submenu, ref_cod_menu_pai, tt_menu, ord_menu, caminho, alvo, suprime_menu, ref_cod_tutormenu, ref_cod_ico, tipo_menu) VALUES (999926, null, null, 'Ferramentas', 7, null, '_self', 1, 15, null, null);
INSERT INTO pmicontrolesis.menu (cod_menu, ref_cod_menu_submenu, ref_cod_menu_pai, tt_menu, ord_menu, caminho, alvo, suprime_menu, ref_cod_tutormenu, ref_cod_ico, tipo_menu) VALUES (999927, null, 999926, 'Unificações', 1, null, '_self', 1, 15, null, null);
INSERT INTO pmicontrolesis.menu (cod_menu, ref_cod_menu_submenu, ref_cod_menu_pai, tt_menu, ord_menu, caminho, alvo, suprime_menu, ref_cod_tutormenu, ref_cod_ico, tipo_menu) VALUES (999847, 999847, 999927, 'Unificação de alunos', 0, 'educar_unifica_aluno.php', '_self', 1, 15, 1, null);
INSERT INTO pmicontrolesis.menu (cod_menu, ref_cod_menu_submenu, ref_cod_menu_pai, tt_menu, ord_menu, caminho, alvo, suprime_menu, ref_cod_tutormenu, ref_cod_ico, tipo_menu) VALUES (21253, 21253, 999928, 'Vagas por série/ano', 2, 'educar_serie_vaga_lst.php', '_self', 1, 15, 1, null);
INSERT INTO pmicontrolesis.menu (cod_menu, ref_cod_menu_submenu, ref_cod_menu_pai, tt_menu, ord_menu, caminho, alvo, suprime_menu, ref_cod_tutormenu, ref_cod_ico, tipo_menu) VALUES (21251, 21251, 999928, 'Bloqueio do ano letivo', 0, 'educar_bloqueio_ano_letivo_lst.php', '_self', 1, 15, 1, null);
INSERT INTO pmicontrolesis.menu (cod_menu, ref_cod_menu_submenu, ref_cod_menu_pai, tt_menu, ord_menu, caminho, alvo, suprime_menu, ref_cod_tutormenu, ref_cod_ico, tipo_menu) VALUES (999848, 999848, 999928, 'Bloqueio de lançamento de notas e faltas', 0, 'educar_bloqueio_lancamento_faltas_notas_lst.php', '_self', 1, 16, 192, null);
INSERT INTO pmicontrolesis.menu (cod_menu, ref_cod_menu_submenu, ref_cod_menu_pai, tt_menu, ord_menu, caminho, alvo, suprime_menu, ref_cod_tutormenu, ref_cod_ico, tipo_menu) VALUES (999929, null, null, 'Cadastros', 1, null, '_self', 1, 20, null, null);
INSERT INTO pmicontrolesis.menu (cod_menu, ref_cod_menu_submenu, ref_cod_menu_pai, tt_menu, ord_menu, caminho, alvo, suprime_menu, ref_cod_tutormenu, ref_cod_ico, tipo_menu) VALUES (43, 43, 999929, 'Pessoas físicas', 1, 'atendidos_lst.php', '_self', 1, 20, null, null);
INSERT INTO pmicontrolesis.menu (cod_menu, ref_cod_menu_submenu, ref_cod_menu_pai, tt_menu, ord_menu, caminho, alvo, suprime_menu, ref_cod_tutormenu, ref_cod_ico, tipo_menu) VALUES (41, 41, 999929, 'Pessoas jurídicas', 2, 'empresas_lst.php', '_self', 1, 20, null, null);
INSERT INTO pmicontrolesis.menu (cod_menu, ref_cod_menu_submenu, ref_cod_menu_pai, tt_menu, ord_menu, caminho, alvo, suprime_menu, ref_cod_tutormenu, ref_cod_ico, tipo_menu) VALUES (999930, null, null, 'Cadastros', 1, null, '_self', 1, 21, null, null);
INSERT INTO pmicontrolesis.menu (cod_menu, ref_cod_menu_submenu, ref_cod_menu_pai, tt_menu, ord_menu, caminho, alvo, suprime_menu, ref_cod_tutormenu, ref_cod_ico, tipo_menu) VALUES (753, 753, 999930, 'Países', 1, 'public_pais_lst.php', '_self', 1, 21, null, null);
INSERT INTO pmicontrolesis.menu (cod_menu, ref_cod_menu_submenu, ref_cod_menu_pai, tt_menu, ord_menu, caminho, alvo, suprime_menu, ref_cod_tutormenu, ref_cod_ico, tipo_menu) VALUES (754, 754, 999930, 'Estados', 2, 'public_uf_lst.php', '_self', 1, 21, null, null);
INSERT INTO pmicontrolesis.menu (cod_menu, ref_cod_menu_submenu, ref_cod_menu_pai, tt_menu, ord_menu, caminho, alvo, suprime_menu, ref_cod_tutormenu, ref_cod_ico, tipo_menu) VALUES (755, 755, 999930, 'Municípios', 3, 'public_municipio_lst.php', '_self', 1, 21, null, null);
INSERT INTO pmicontrolesis.menu (cod_menu, ref_cod_menu_submenu, ref_cod_menu_pai, tt_menu, ord_menu, caminho, alvo, suprime_menu, ref_cod_tutormenu, ref_cod_ico, tipo_menu) VALUES (759, 759, 999930, 'Distritos', 4, 'public_distrito_lst.php', '_self', 1, 21, null, null);
INSERT INTO pmicontrolesis.menu (cod_menu, ref_cod_menu_submenu, ref_cod_menu_pai, tt_menu, ord_menu, caminho, alvo, suprime_menu, ref_cod_tutormenu, ref_cod_ico, tipo_menu) VALUES (760, 760, 999930, 'Setores', 5, 'public_setor_lst.php', '_self', 1, 21, null, null);
INSERT INTO pmicontrolesis.menu (cod_menu, ref_cod_menu_submenu, ref_cod_menu_pai, tt_menu, ord_menu, caminho, alvo, suprime_menu, ref_cod_tutormenu, ref_cod_ico, tipo_menu) VALUES (756, 756, 999930, 'Bairros', 6, 'public_bairro_lst.php', '_self', 1, 21, null, null);
INSERT INTO pmicontrolesis.menu (cod_menu, ref_cod_menu_submenu, ref_cod_menu_pai, tt_menu, ord_menu, caminho, alvo, suprime_menu, ref_cod_tutormenu, ref_cod_ico, tipo_menu) VALUES (757, 757, 999930, 'Logradouros', 7, 'public_logradouro_lst.php', '_self', 1, 21, null, null);
INSERT INTO pmicontrolesis.menu (cod_menu, ref_cod_menu_submenu, ref_cod_menu_pai, tt_menu, ord_menu, caminho, alvo, suprime_menu, ref_cod_tutormenu, ref_cod_ico, tipo_menu) VALUES (758, 758, 999930, 'CEP', 8, 'urbano_cep_logradouro_lst.php', '_self', 1, 21, null, null);
INSERT INTO pmicontrolesis.menu (cod_menu, ref_cod_menu_submenu, ref_cod_menu_pai, tt_menu, ord_menu, caminho, alvo, suprime_menu, ref_cod_tutormenu, ref_cod_ico, tipo_menu) VALUES (999931, null, null, 'Ferramentas', 1, null, '_self', 1, 21, null, null);
INSERT INTO pmicontrolesis.menu (cod_menu, ref_cod_menu_submenu, ref_cod_menu_pai, tt_menu, ord_menu, caminho, alvo, suprime_menu, ref_cod_tutormenu, ref_cod_ico, tipo_menu) VALUES (999932, null, null, 'Exportações', 1, null, '_self', 1, 22, null, null);
INSERT INTO pmicontrolesis.menu (cod_menu, ref_cod_menu_submenu, ref_cod_menu_pai, tt_menu, ord_menu, caminho, alvo, suprime_menu, ref_cod_tutormenu, ref_cod_ico, tipo_menu) VALUES (761, 761, 999931, 'Unificação de bairros', 1, 'educar_unifica_bairro.php', '_self', 1, 21, null, null);
INSERT INTO pmicontrolesis.menu (cod_menu, ref_cod_menu_submenu, ref_cod_menu_pai, tt_menu, ord_menu, caminho, alvo, suprime_menu, ref_cod_tutormenu, ref_cod_ico, tipo_menu) VALUES (762, 762, 999931, 'Unificação de logradouros', 2, 'educar_unifica_logradouro.php', '_self', 1, 21, null, null);
INSERT INTO pmicontrolesis.menu (cod_menu, ref_cod_menu_submenu, ref_cod_menu_pai, tt_menu, ord_menu, caminho, alvo, suprime_menu, ref_cod_tutormenu, ref_cod_ico, tipo_menu) VALUES (846, 846, 999932, '1ª fase - Matrícula inicial', 1, 'educar_exportacao_educacenso.php', '_self', 1, 22, null, null);
INSERT INTO pmicontrolesis.menu (cod_menu, ref_cod_menu_submenu, ref_cod_menu_pai, tt_menu, ord_menu, caminho, alvo, suprime_menu, ref_cod_tutormenu, ref_cod_ico, tipo_menu) VALUES (9998845, 9998845, 999932, '2ª fase - Situação final', 1, 'educar_exportacao_educacenso.php?fase2=1', '_self', 1, 22, null, null);
INSERT INTO pmicontrolesis.menu (cod_menu, ref_cod_menu_submenu, ref_cod_menu_pai, tt_menu, ord_menu, caminho, alvo, suprime_menu, ref_cod_tutormenu, ref_cod_ico, tipo_menu) VALUES (999934, null, 999929, 'Tipos', 0, null, '_self', 1, 20, null, null);
INSERT INTO pmicontrolesis.menu (cod_menu, ref_cod_menu_submenu, ref_cod_menu_pai, tt_menu, ord_menu, caminho, alvo, suprime_menu, ref_cod_tutormenu, ref_cod_ico, tipo_menu) VALUES (9998846, null, null, 'Documentos', 4, null, '_self', 1, 17, 1, null);
INSERT INTO pmicontrolesis.menu (cod_menu, ref_cod_menu_submenu, ref_cod_menu_pai, tt_menu, ord_menu, caminho, alvo, suprime_menu, ref_cod_tutormenu, ref_cod_ico, tipo_menu) VALUES (9998847, null, 20712, 'Cadastrais', 1, null, '_self', 1, 17, null, null);
INSERT INTO pmicontrolesis.menu (cod_menu, ref_cod_menu_submenu, ref_cod_menu_pai, tt_menu, ord_menu, caminho, alvo, suprime_menu, ref_cod_tutormenu, ref_cod_ico, tipo_menu) VALUES (999928, null, 999926, 'Parâmetros', 2, null, '_self', 1, 15, null, null);

INSERT INTO pmieducar.menu_tipo_usuario (ref_cod_tipo_usuario, ref_cod_menu_submenu, cadastra, visualiza, exclui) VALUES (1, 999613, 1, 0, 1);
INSERT INTO pmieducar.menu_tipo_usuario (ref_cod_tipo_usuario, ref_cod_menu_submenu, cadastra, visualiza, exclui) VALUES (1, 950, 1, 1, 1);
INSERT INTO pmieducar.menu_tipo_usuario (ref_cod_tipo_usuario, ref_cod_menu_submenu, cadastra, visualiza, exclui) VALUES (1, 554, 1, 1, 1);
INSERT INTO pmieducar.menu_tipo_usuario (ref_cod_tipo_usuario, ref_cod_menu_submenu, cadastra, visualiza, exclui) VALUES (1, 644, 1, 1, 1);
INSERT INTO pmieducar.menu_tipo_usuario (ref_cod_tipo_usuario, ref_cod_menu_submenu, cadastra, visualiza, exclui) VALUES (1, 21246, 1, 0, 1);
INSERT INTO pmieducar.menu_tipo_usuario (ref_cod_tipo_usuario, ref_cod_menu_submenu, cadastra, visualiza, exclui) VALUES (1, 626, 1, 1, 1);
INSERT INTO pmieducar.menu_tipo_usuario (ref_cod_tipo_usuario, ref_cod_menu_submenu, cadastra, visualiza, exclui) VALUES (1, 627, 1, 1, 1);
INSERT INTO pmieducar.menu_tipo_usuario (ref_cod_tipo_usuario, ref_cod_menu_submenu, cadastra, visualiza, exclui) VALUES (1, 999848, 1, 1, 1);
INSERT INTO pmieducar.menu_tipo_usuario (ref_cod_tipo_usuario, ref_cod_menu_submenu, cadastra, visualiza, exclui) VALUES (1, 999847, 1, 1, 1);
INSERT INTO pmieducar.menu_tipo_usuario (ref_cod_tipo_usuario, ref_cod_menu_submenu, cadastra, visualiza, exclui) VALUES (1, 630, 1, 1, 1);
INSERT INTO pmieducar.menu_tipo_usuario (ref_cod_tipo_usuario, ref_cod_menu_submenu, cadastra, visualiza, exclui) VALUES (1, 999849, 1, 1, 1);
INSERT INTO pmieducar.menu_tipo_usuario (ref_cod_tipo_usuario, ref_cod_menu_submenu, cadastra, visualiza, exclui) VALUES (1, 999861, 1, 1, 1);
INSERT INTO pmieducar.menu_tipo_usuario (ref_cod_tipo_usuario, ref_cod_menu_submenu, cadastra, visualiza, exclui) VALUES (1, 999867, 1, 1, 1);
INSERT INTO pmieducar.menu_tipo_usuario (ref_cod_tipo_usuario, ref_cod_menu_submenu, cadastra, visualiza, exclui) VALUES (1, 999869, 1, 1, 1);
INSERT INTO pmieducar.menu_tipo_usuario (ref_cod_tipo_usuario, ref_cod_menu_submenu, cadastra, visualiza, exclui) VALUES (1, 846, 1, 1, 1);
INSERT INTO pmieducar.menu_tipo_usuario (ref_cod_tipo_usuario, ref_cod_menu_submenu, cadastra, visualiza, exclui) VALUES (1, 999873, 1, 1, 1);
INSERT INTO pmieducar.menu_tipo_usuario (ref_cod_tipo_usuario, ref_cod_menu_submenu, cadastra, visualiza, exclui) VALUES (1, 0, 1, 1, 1);
INSERT INTO pmieducar.menu_tipo_usuario (ref_cod_tipo_usuario, ref_cod_menu_submenu, cadastra, visualiza, exclui) VALUES (1, 43, 1, 1, 1);
INSERT INTO pmieducar.menu_tipo_usuario (ref_cod_tipo_usuario, ref_cod_menu_submenu, cadastra, visualiza, exclui) VALUES (1, 41, 1, 1, 1);
INSERT INTO pmieducar.menu_tipo_usuario (ref_cod_tipo_usuario, ref_cod_menu_submenu, cadastra, visualiza, exclui) VALUES (1, 155, 1, 1, 1);
INSERT INTO pmieducar.menu_tipo_usuario (ref_cod_tipo_usuario, ref_cod_menu_submenu, cadastra, visualiza, exclui) VALUES (1, 157, 1, 1, 1);
INSERT INTO pmieducar.menu_tipo_usuario (ref_cod_tipo_usuario, ref_cod_menu_submenu, cadastra, visualiza, exclui) VALUES (1, 475, 1, 1, 1);
INSERT INTO pmieducar.menu_tipo_usuario (ref_cod_tipo_usuario, ref_cod_menu_submenu, cadastra, visualiza, exclui) VALUES (1, 753, 1, 1, 1);
INSERT INTO pmieducar.menu_tipo_usuario (ref_cod_tipo_usuario, ref_cod_menu_submenu, cadastra, visualiza, exclui) VALUES (1, 754, 1, 1, 1);
INSERT INTO pmieducar.menu_tipo_usuario (ref_cod_tipo_usuario, ref_cod_menu_submenu, cadastra, visualiza, exclui) VALUES (1, 945, 1, 1, 1);
INSERT INTO pmieducar.menu_tipo_usuario (ref_cod_tipo_usuario, ref_cod_menu_submenu, cadastra, visualiza, exclui) VALUES (1, 755, 1, 1, 1);
INSERT INTO pmieducar.menu_tipo_usuario (ref_cod_tipo_usuario, ref_cod_menu_submenu, cadastra, visualiza, exclui) VALUES (1, 756, 1, 1, 1);
INSERT INTO pmieducar.menu_tipo_usuario (ref_cod_tipo_usuario, ref_cod_menu_submenu, cadastra, visualiza, exclui) VALUES (1, 757, 1, 1, 1);
INSERT INTO pmieducar.menu_tipo_usuario (ref_cod_tipo_usuario, ref_cod_menu_submenu, cadastra, visualiza, exclui) VALUES (1, 758, 1, 1, 1);
INSERT INTO pmieducar.menu_tipo_usuario (ref_cod_tipo_usuario, ref_cod_menu_submenu, cadastra, visualiza, exclui) VALUES (1, 335, 1, 1, 1);
INSERT INTO pmieducar.menu_tipo_usuario (ref_cod_tipo_usuario, ref_cod_menu_submenu, cadastra, visualiza, exclui) VALUES (1, 829, 1, 1, 1);
INSERT INTO pmieducar.menu_tipo_usuario (ref_cod_tipo_usuario, ref_cod_menu_submenu, cadastra, visualiza, exclui) VALUES (1, 568, 1, 1, 1);
INSERT INTO pmieducar.menu_tipo_usuario (ref_cod_tipo_usuario, ref_cod_menu_submenu, cadastra, visualiza, exclui) VALUES (1, 569, 1, 1, 1);
INSERT INTO pmieducar.menu_tipo_usuario (ref_cod_tipo_usuario, ref_cod_menu_submenu, cadastra, visualiza, exclui) VALUES (1, 561, 1, 1, 1);
INSERT INTO pmieducar.menu_tipo_usuario (ref_cod_tipo_usuario, ref_cod_menu_submenu, cadastra, visualiza, exclui) VALUES (1, 570, 1, 1, 1);
INSERT INTO pmieducar.menu_tipo_usuario (ref_cod_tipo_usuario, ref_cod_menu_submenu, cadastra, visualiza, exclui) VALUES (1, 558, 1, 1, 1);
INSERT INTO pmieducar.menu_tipo_usuario (ref_cod_tipo_usuario, ref_cod_menu_submenu, cadastra, visualiza, exclui) VALUES (1, 562, 1, 1, 1);
INSERT INTO pmieducar.menu_tipo_usuario (ref_cod_tipo_usuario, ref_cod_menu_submenu, cadastra, visualiza, exclui) VALUES (1, 571, 1, 1, 1);
INSERT INTO pmieducar.menu_tipo_usuario (ref_cod_tipo_usuario, ref_cod_menu_submenu, cadastra, visualiza, exclui) VALUES (1, 563, 1, 1, 1);
INSERT INTO pmieducar.menu_tipo_usuario (ref_cod_tipo_usuario, ref_cod_menu_submenu, cadastra, visualiza, exclui) VALUES (1, 566, 1, 1, 1);
INSERT INTO pmieducar.menu_tipo_usuario (ref_cod_tipo_usuario, ref_cod_menu_submenu, cadastra, visualiza, exclui) VALUES (1, 567, 1, 1, 1);
INSERT INTO pmieducar.menu_tipo_usuario (ref_cod_tipo_usuario, ref_cod_menu_submenu, cadastra, visualiza, exclui) VALUES (1, 576, 1, 1, 1);
INSERT INTO pmieducar.menu_tipo_usuario (ref_cod_tipo_usuario, ref_cod_menu_submenu, cadastra, visualiza, exclui) VALUES (1, 573, 1, 1, 1);
INSERT INTO pmieducar.menu_tipo_usuario (ref_cod_tipo_usuario, ref_cod_menu_submenu, cadastra, visualiza, exclui) VALUES (1, 575, 1, 1, 1);
INSERT INTO pmieducar.menu_tipo_usuario (ref_cod_tipo_usuario, ref_cod_menu_submenu, cadastra, visualiza, exclui) VALUES (1, 577, 1, 1, 1);
INSERT INTO pmieducar.menu_tipo_usuario (ref_cod_tipo_usuario, ref_cod_menu_submenu, cadastra, visualiza, exclui) VALUES (1, 578, 1, 1, 1);
INSERT INTO pmieducar.menu_tipo_usuario (ref_cod_tipo_usuario, ref_cod_menu_submenu, cadastra, visualiza, exclui) VALUES (1, 579, 1, 1, 1);
INSERT INTO pmieducar.menu_tipo_usuario (ref_cod_tipo_usuario, ref_cod_menu_submenu, cadastra, visualiza, exclui) VALUES (1, 559, 1, 1, 1);
INSERT INTO pmieducar.menu_tipo_usuario (ref_cod_tipo_usuario, ref_cod_menu_submenu, cadastra, visualiza, exclui) VALUES (1, 580, 1, 1, 1);
INSERT INTO pmieducar.menu_tipo_usuario (ref_cod_tipo_usuario, ref_cod_menu_submenu, cadastra, visualiza, exclui) VALUES (1, 581, 1, 1, 1);
INSERT INTO pmieducar.menu_tipo_usuario (ref_cod_tipo_usuario, ref_cod_menu_submenu, cadastra, visualiza, exclui) VALUES (1, 583, 1, 1, 1);
INSERT INTO pmieducar.menu_tipo_usuario (ref_cod_tipo_usuario, ref_cod_menu_submenu, cadastra, visualiza, exclui) VALUES (1, 631, 1, 1, 1);
INSERT INTO pmieducar.menu_tipo_usuario (ref_cod_tipo_usuario, ref_cod_menu_submenu, cadastra, visualiza, exclui) VALUES (1, 585, 1, 1, 1);
INSERT INTO pmieducar.menu_tipo_usuario (ref_cod_tipo_usuario, ref_cod_menu_submenu, cadastra, visualiza, exclui) VALUES (1, 586, 1, 1, 1);
INSERT INTO pmieducar.menu_tipo_usuario (ref_cod_tipo_usuario, ref_cod_menu_submenu, cadastra, visualiza, exclui) VALUES (1, 587, 1, 1, 1);
INSERT INTO pmieducar.menu_tipo_usuario (ref_cod_tipo_usuario, ref_cod_menu_submenu, cadastra, visualiza, exclui) VALUES (1, 620, 1, 1, 1);
INSERT INTO pmieducar.menu_tipo_usuario (ref_cod_tipo_usuario, ref_cod_menu_submenu, cadastra, visualiza, exclui) VALUES (1, 624, 1, 1, 1);
INSERT INTO pmieducar.menu_tipo_usuario (ref_cod_tipo_usuario, ref_cod_menu_submenu, cadastra, visualiza, exclui) VALUES (1, 584, 1, 1, 1);
INSERT INTO pmieducar.menu_tipo_usuario (ref_cod_tipo_usuario, ref_cod_menu_submenu, cadastra, visualiza, exclui) VALUES (1, 632, 1, 1, 1);
INSERT INTO pmieducar.menu_tipo_usuario (ref_cod_tipo_usuario, ref_cod_menu_submenu, cadastra, visualiza, exclui) VALUES (1, 759, 1, 1, 1);
INSERT INTO pmieducar.menu_tipo_usuario (ref_cod_tipo_usuario, ref_cod_menu_submenu, cadastra, visualiza, exclui) VALUES (1, 633, 1, 1, 1);
INSERT INTO pmieducar.menu_tipo_usuario (ref_cod_tipo_usuario, ref_cod_menu_submenu, cadastra, visualiza, exclui) VALUES (1, 634, 1, 1, 1);
INSERT INTO pmieducar.menu_tipo_usuario (ref_cod_tipo_usuario, ref_cod_menu_submenu, cadastra, visualiza, exclui) VALUES (1, 635, 1, 1, 1);
INSERT INTO pmieducar.menu_tipo_usuario (ref_cod_tipo_usuario, ref_cod_menu_submenu, cadastra, visualiza, exclui) VALUES (1, 946, 1, 1, 1);
INSERT INTO pmieducar.menu_tipo_usuario (ref_cod_tipo_usuario, ref_cod_menu_submenu, cadastra, visualiza, exclui) VALUES (1, 641, 1, 1, 1);
INSERT INTO pmieducar.menu_tipo_usuario (ref_cod_tipo_usuario, ref_cod_menu_submenu, cadastra, visualiza, exclui) VALUES (1, 647, 1, 1, 1);
INSERT INTO pmieducar.menu_tipo_usuario (ref_cod_tipo_usuario, ref_cod_menu_submenu, cadastra, visualiza, exclui) VALUES (1, 659, 1, 1, 1);
INSERT INTO pmieducar.menu_tipo_usuario (ref_cod_tipo_usuario, ref_cod_menu_submenu, cadastra, visualiza, exclui) VALUES (1, 678, 1, 1, 1);
INSERT INTO pmieducar.menu_tipo_usuario (ref_cod_tipo_usuario, ref_cod_menu_submenu, cadastra, visualiza, exclui) VALUES (1, 845, 1, 1, 1);
INSERT INTO pmieducar.menu_tipo_usuario (ref_cod_tipo_usuario, ref_cod_menu_submenu, cadastra, visualiza, exclui) VALUES (1, 592, 1, 1, 1);
INSERT INTO pmieducar.menu_tipo_usuario (ref_cod_tipo_usuario, ref_cod_menu_submenu, cadastra, visualiza, exclui) VALUES (1, 594, 1, 1, 1);
INSERT INTO pmieducar.menu_tipo_usuario (ref_cod_tipo_usuario, ref_cod_menu_submenu, cadastra, visualiza, exclui) VALUES (1, 603, 1, 1, 1);
INSERT INTO pmieducar.menu_tipo_usuario (ref_cod_tipo_usuario, ref_cod_menu_submenu, cadastra, visualiza, exclui) VALUES (1, 590, 1, 1, 1);
INSERT INTO pmieducar.menu_tipo_usuario (ref_cod_tipo_usuario, ref_cod_menu_submenu, cadastra, visualiza, exclui) VALUES (1, 591, 1, 1, 1);
INSERT INTO pmieducar.menu_tipo_usuario (ref_cod_tipo_usuario, ref_cod_menu_submenu, cadastra, visualiza, exclui) VALUES (1, 593, 1, 1, 1);
INSERT INTO pmieducar.menu_tipo_usuario (ref_cod_tipo_usuario, ref_cod_menu_submenu, cadastra, visualiza, exclui) VALUES (1, 595, 1, 1, 1);
INSERT INTO pmieducar.menu_tipo_usuario (ref_cod_tipo_usuario, ref_cod_menu_submenu, cadastra, visualiza, exclui) VALUES (1, 596, 1, 1, 1);
INSERT INTO pmieducar.menu_tipo_usuario (ref_cod_tipo_usuario, ref_cod_menu_submenu, cadastra, visualiza, exclui) VALUES (1, 597, 1, 1, 1);
INSERT INTO pmieducar.menu_tipo_usuario (ref_cod_tipo_usuario, ref_cod_menu_submenu, cadastra, visualiza, exclui) VALUES (1, 606, 1, 1, 1);
INSERT INTO pmieducar.menu_tipo_usuario (ref_cod_tipo_usuario, ref_cod_menu_submenu, cadastra, visualiza, exclui) VALUES (1, 600, 1, 1, 1);
INSERT INTO pmieducar.menu_tipo_usuario (ref_cod_tipo_usuario, ref_cod_menu_submenu, cadastra, visualiza, exclui) VALUES (1, 602, 1, 1, 1);
INSERT INTO pmieducar.menu_tipo_usuario (ref_cod_tipo_usuario, ref_cod_menu_submenu, cadastra, visualiza, exclui) VALUES (1, 598, 1, 1, 1);
INSERT INTO pmieducar.menu_tipo_usuario (ref_cod_tipo_usuario, ref_cod_menu_submenu, cadastra, visualiza, exclui) VALUES (1, 607, 1, 1, 1);
INSERT INTO pmieducar.menu_tipo_usuario (ref_cod_tipo_usuario, ref_cod_menu_submenu, cadastra, visualiza, exclui) VALUES (1, 608, 1, 1, 1);
INSERT INTO pmieducar.menu_tipo_usuario (ref_cod_tipo_usuario, ref_cod_menu_submenu, cadastra, visualiza, exclui) VALUES (1, 609, 1, 1, 1);
INSERT INTO pmieducar.menu_tipo_usuario (ref_cod_tipo_usuario, ref_cod_menu_submenu, cadastra, visualiza, exclui) VALUES (1, 622, 1, 1, 1);
INSERT INTO pmieducar.menu_tipo_usuario (ref_cod_tipo_usuario, ref_cod_menu_submenu, cadastra, visualiza, exclui) VALUES (1, 625, 1, 1, 1);
INSERT INTO pmieducar.menu_tipo_usuario (ref_cod_tipo_usuario, ref_cod_menu_submenu, cadastra, visualiza, exclui) VALUES (1, 628, 1, 1, 1);
INSERT INTO pmieducar.menu_tipo_usuario (ref_cod_tipo_usuario, ref_cod_menu_submenu, cadastra, visualiza, exclui) VALUES (1, 629, 1, 1, 1);
INSERT INTO pmieducar.menu_tipo_usuario (ref_cod_tipo_usuario, ref_cod_menu_submenu, cadastra, visualiza, exclui) VALUES (1, 947, 1, 1, 1);
INSERT INTO pmieducar.menu_tipo_usuario (ref_cod_tipo_usuario, ref_cod_menu_submenu, cadastra, visualiza, exclui) VALUES (1, 948, 1, 1, 1);
INSERT INTO pmieducar.menu_tipo_usuario (ref_cod_tipo_usuario, ref_cod_menu_submenu, cadastra, visualiza, exclui) VALUES (1, 949, 1, 1, 1);
INSERT INTO pmieducar.menu_tipo_usuario (ref_cod_tipo_usuario, ref_cod_menu_submenu, cadastra, visualiza, exclui) VALUES (1, 341, 1, 1, 1);
INSERT INTO pmieducar.menu_tipo_usuario (ref_cod_tipo_usuario, ref_cod_menu_submenu, cadastra, visualiza, exclui) VALUES (1, 343, 1, 1, 1);
INSERT INTO pmieducar.menu_tipo_usuario (ref_cod_tipo_usuario, ref_cod_menu_submenu, cadastra, visualiza, exclui) VALUES (1, 345, 1, 1, 1);
INSERT INTO pmieducar.menu_tipo_usuario (ref_cod_tipo_usuario, ref_cod_menu_submenu, cadastra, visualiza, exclui) VALUES (1, 610, 1, 1, 1);
INSERT INTO pmieducar.menu_tipo_usuario (ref_cod_tipo_usuario, ref_cod_menu_submenu, cadastra, visualiza, exclui) VALUES (1, 21234, 1, 1, 1);
INSERT INTO pmieducar.menu_tipo_usuario (ref_cod_tipo_usuario, ref_cod_menu_submenu, cadastra, visualiza, exclui) VALUES (1, 21235, 1, 1, 1);
INSERT INTO pmieducar.menu_tipo_usuario (ref_cod_tipo_usuario, ref_cod_menu_submenu, cadastra, visualiza, exclui) VALUES (1, 21236, 1, 1, 1);
INSERT INTO pmieducar.menu_tipo_usuario (ref_cod_tipo_usuario, ref_cod_menu_submenu, cadastra, visualiza, exclui) VALUES (1, 21237, 1, 1, 1);
INSERT INTO pmieducar.menu_tipo_usuario (ref_cod_tipo_usuario, ref_cod_menu_submenu, cadastra, visualiza, exclui) VALUES (1, 21238, 1, 1, 1);
INSERT INTO pmieducar.menu_tipo_usuario (ref_cod_tipo_usuario, ref_cod_menu_submenu, cadastra, visualiza, exclui) VALUES (1, 21239, 1, 1, 1);
INSERT INTO pmieducar.menu_tipo_usuario (ref_cod_tipo_usuario, ref_cod_menu_submenu, cadastra, visualiza, exclui) VALUES (1, 21240, 1, 1, 1);
INSERT INTO pmieducar.menu_tipo_usuario (ref_cod_tipo_usuario, ref_cod_menu_submenu, cadastra, visualiza, exclui) VALUES (1, 642, 1, 1, 1);
INSERT INTO pmieducar.menu_tipo_usuario (ref_cod_tipo_usuario, ref_cod_menu_submenu, cadastra, visualiza, exclui) VALUES (1, 21250, 1, 1, 1);
INSERT INTO pmieducar.menu_tipo_usuario (ref_cod_tipo_usuario, ref_cod_menu_submenu, cadastra, visualiza, exclui) VALUES (1, 21251, 1, 1, 1);
INSERT INTO pmieducar.menu_tipo_usuario (ref_cod_tipo_usuario, ref_cod_menu_submenu, cadastra, visualiza, exclui) VALUES (1, 572, 1, 1, 1);
INSERT INTO pmieducar.menu_tipo_usuario (ref_cod_tipo_usuario, ref_cod_menu_submenu, cadastra, visualiza, exclui) VALUES (1, 574, 1, 1, 1);
INSERT INTO pmieducar.menu_tipo_usuario (ref_cod_tipo_usuario, ref_cod_menu_submenu, cadastra, visualiza, exclui) VALUES (1, 760, 1, 1, 1);
INSERT INTO pmieducar.menu_tipo_usuario (ref_cod_tipo_usuario, ref_cod_menu_submenu, cadastra, visualiza, exclui) VALUES (1, 555, 1, 1, 1);
INSERT INTO pmieducar.menu_tipo_usuario (ref_cod_tipo_usuario, ref_cod_menu_submenu, cadastra, visualiza, exclui) VALUES (1, 761, 1, 1, 1);
INSERT INTO pmieducar.menu_tipo_usuario (ref_cod_tipo_usuario, ref_cod_menu_submenu, cadastra, visualiza, exclui) VALUES (1, 762, 1, 1, 1);
INSERT INTO pmieducar.menu_tipo_usuario (ref_cod_tipo_usuario, ref_cod_menu_submenu, cadastra, visualiza, exclui) VALUES (1, 21253, 1, 1, 1);
INSERT INTO pmieducar.menu_tipo_usuario (ref_cod_tipo_usuario, ref_cod_menu_submenu, cadastra, visualiza, exclui) VALUES (1, 999878, 1, 1, 1);
INSERT INTO pmieducar.menu_tipo_usuario (ref_cod_tipo_usuario, ref_cod_menu_submenu, cadastra, visualiza, exclui) VALUES (1, 21145, 1, 1, 1);
INSERT INTO pmieducar.menu_tipo_usuario (ref_cod_tipo_usuario, ref_cod_menu_submenu, cadastra, visualiza, exclui) VALUES (1, 9998851, 1, 1, 1);
INSERT INTO pmieducar.menu_tipo_usuario (ref_cod_tipo_usuario, ref_cod_menu_submenu, cadastra, visualiza, exclui) VALUES (1, 9998858, 1, 1, 1);
INSERT INTO pmieducar.menu_tipo_usuario (ref_cod_tipo_usuario, ref_cod_menu_submenu, cadastra, visualiza, exclui) VALUES (1, 9998849, 1, 1, 1);
INSERT INTO pmieducar.menu_tipo_usuario (ref_cod_tipo_usuario, ref_cod_menu_submenu, cadastra, visualiza, exclui) VALUES (1, 9998859, 1, 1, 1);
INSERT INTO pmieducar.menu_tipo_usuario (ref_cod_tipo_usuario, ref_cod_menu_submenu, cadastra, visualiza, exclui) VALUES (1, 9998867, 1, 1, 1);
INSERT INTO pmieducar.menu_tipo_usuario (ref_cod_tipo_usuario, ref_cod_menu_submenu, cadastra, visualiza, exclui) VALUES (1, 9998869, 1, 1, 1);
INSERT INTO pmieducar.menu_tipo_usuario (ref_cod_tipo_usuario, ref_cod_menu_submenu, cadastra, visualiza, exclui) VALUES (1, 9998878, 1, 1, 1);
INSERT INTO pmieducar.menu_tipo_usuario (ref_cod_tipo_usuario, ref_cod_menu_submenu, cadastra, visualiza, exclui) VALUES (1, 9998879, 1, 1, 1);

INSERT INTO portal.menu_funcionario (ref_ref_cod_pessoa_fj, cadastra, exclui, ref_cod_menu_submenu) VALUES (1, 0, 0, 0);
INSERT INTO portal.menu_funcionario (ref_ref_cod_pessoa_fj, cadastra, exclui, ref_cod_menu_submenu) VALUES (1, 0, 0, 21246);
INSERT INTO portal.menu_funcionario (ref_ref_cod_pessoa_fj, cadastra, exclui, ref_cod_menu_submenu) VALUES (1, 0, 0, 335);
INSERT INTO portal.menu_funcionario (ref_ref_cod_pessoa_fj, cadastra, exclui, ref_cod_menu_submenu) VALUES (1, 0, 0, 41);
INSERT INTO portal.menu_funcionario (ref_ref_cod_pessoa_fj, cadastra, exclui, ref_cod_menu_submenu) VALUES (1, 0, 0, 43);
INSERT INTO portal.menu_funcionario (ref_ref_cod_pessoa_fj, cadastra, exclui, ref_cod_menu_submenu) VALUES (1, 0, 0, 753);
INSERT INTO portal.menu_funcionario (ref_ref_cod_pessoa_fj, cadastra, exclui, ref_cod_menu_submenu) VALUES (1, 0, 0, 754);
INSERT INTO portal.menu_funcionario (ref_ref_cod_pessoa_fj, cadastra, exclui, ref_cod_menu_submenu) VALUES (1, 0, 0, 755);
INSERT INTO portal.menu_funcionario (ref_ref_cod_pessoa_fj, cadastra, exclui, ref_cod_menu_submenu) VALUES (1, 0, 0, 756);
INSERT INTO portal.menu_funcionario (ref_ref_cod_pessoa_fj, cadastra, exclui, ref_cod_menu_submenu) VALUES (1, 0, 0, 757);
INSERT INTO portal.menu_funcionario (ref_ref_cod_pessoa_fj, cadastra, exclui, ref_cod_menu_submenu) VALUES (1, 0, 0, 758);
INSERT INTO portal.menu_funcionario (ref_ref_cod_pessoa_fj, cadastra, exclui, ref_cod_menu_submenu) VALUES (1, 1, 1, 554);
INSERT INTO portal.menu_funcionario (ref_ref_cod_pessoa_fj, cadastra, exclui, ref_cod_menu_submenu) VALUES (1, 1, 1, 555);
INSERT INTO portal.menu_funcionario (ref_ref_cod_pessoa_fj, cadastra, exclui, ref_cod_menu_submenu) VALUES (1, 1, 1, 578);
INSERT INTO portal.menu_funcionario (ref_ref_cod_pessoa_fj, cadastra, exclui, ref_cod_menu_submenu) VALUES (1, 1, 1, 624);
INSERT INTO portal.menu_funcionario (ref_ref_cod_pessoa_fj, cadastra, exclui, ref_cod_menu_submenu) VALUES (1, 1, 1, 581);
INSERT INTO portal.menu_funcionario (ref_ref_cod_pessoa_fj, cadastra, exclui, ref_cod_menu_submenu) VALUES (1, 1, 1, 620);
INSERT INTO portal.menu_funcionario (ref_ref_cod_pessoa_fj, cadastra, exclui, ref_cod_menu_submenu) VALUES (1, 1, 1, 576);
INSERT INTO portal.menu_funcionario (ref_ref_cod_pessoa_fj, cadastra, exclui, ref_cod_menu_submenu) VALUES (1, 1, 1, 829);
INSERT INTO portal.menu_funcionario (ref_ref_cod_pessoa_fj, cadastra, exclui, ref_cod_menu_submenu) VALUES (1, 1, 1, 946);
INSERT INTO portal.menu_funcionario (ref_ref_cod_pessoa_fj, cadastra, exclui, ref_cod_menu_submenu) VALUES (1, 1, 1, 566);
INSERT INTO portal.menu_funcionario (ref_ref_cod_pessoa_fj, cadastra, exclui, ref_cod_menu_submenu) VALUES (1, 1, 1, 574);
INSERT INTO portal.menu_funcionario (ref_ref_cod_pessoa_fj, cadastra, exclui, ref_cod_menu_submenu) VALUES (1, 1, 1, 631);
INSERT INTO portal.menu_funcionario (ref_ref_cod_pessoa_fj, cadastra, exclui, ref_cod_menu_submenu) VALUES (1, 1, 1, 659);
INSERT INTO portal.menu_funcionario (ref_ref_cod_pessoa_fj, cadastra, exclui, ref_cod_menu_submenu) VALUES (1, 1, 1, 561);
INSERT INTO portal.menu_funcionario (ref_ref_cod_pessoa_fj, cadastra, exclui, ref_cod_menu_submenu) VALUES (1, 1, 1, 562);
INSERT INTO portal.menu_funcionario (ref_ref_cod_pessoa_fj, cadastra, exclui, ref_cod_menu_submenu) VALUES (1, 1, 1, 585);
INSERT INTO portal.menu_funcionario (ref_ref_cod_pessoa_fj, cadastra, exclui, ref_cod_menu_submenu) VALUES (1, 1, 1, 632);
INSERT INTO portal.menu_funcionario (ref_ref_cod_pessoa_fj, cadastra, exclui, ref_cod_menu_submenu) VALUES (1, 1, 1, 642);
INSERT INTO portal.menu_funcionario (ref_ref_cod_pessoa_fj, cadastra, exclui, ref_cod_menu_submenu) VALUES (1, 1, 1, 572);
INSERT INTO portal.menu_funcionario (ref_ref_cod_pessoa_fj, cadastra, exclui, ref_cod_menu_submenu) VALUES (1, 1, 1, 634);
INSERT INTO portal.menu_funcionario (ref_ref_cod_pessoa_fj, cadastra, exclui, ref_cod_menu_submenu) VALUES (1, 1, 1, 948);
INSERT INTO portal.menu_funcionario (ref_ref_cod_pessoa_fj, cadastra, exclui, ref_cod_menu_submenu) VALUES (1, 1, 1, 573);
INSERT INTO portal.menu_funcionario (ref_ref_cod_pessoa_fj, cadastra, exclui, ref_cod_menu_submenu) VALUES (1, 1, 1, 559);
INSERT INTO portal.menu_funcionario (ref_ref_cod_pessoa_fj, cadastra, exclui, ref_cod_menu_submenu) VALUES (1, 1, 1, 569);
INSERT INTO portal.menu_funcionario (ref_ref_cod_pessoa_fj, cadastra, exclui, ref_cod_menu_submenu) VALUES (1, 1, 1, 633);
INSERT INTO portal.menu_funcionario (ref_ref_cod_pessoa_fj, cadastra, exclui, ref_cod_menu_submenu) VALUES (1, 1, 1, 584);
INSERT INTO portal.menu_funcionario (ref_ref_cod_pessoa_fj, cadastra, exclui, ref_cod_menu_submenu) VALUES (1, 1, 1, 571);
INSERT INTO portal.menu_funcionario (ref_ref_cod_pessoa_fj, cadastra, exclui, ref_cod_menu_submenu) VALUES (1, 1, 1, 567);
INSERT INTO portal.menu_funcionario (ref_ref_cod_pessoa_fj, cadastra, exclui, ref_cod_menu_submenu) VALUES (1, 1, 1, 641);
INSERT INTO portal.menu_funcionario (ref_ref_cod_pessoa_fj, cadastra, exclui, ref_cod_menu_submenu) VALUES (1, 1, 1, 678);
INSERT INTO portal.menu_funcionario (ref_ref_cod_pessoa_fj, cadastra, exclui, ref_cod_menu_submenu) VALUES (1, 1, 1, 647);
INSERT INTO portal.menu_funcionario (ref_ref_cod_pessoa_fj, cadastra, exclui, ref_cod_menu_submenu) VALUES (1, 1, 1, 947);
INSERT INTO portal.menu_funcionario (ref_ref_cod_pessoa_fj, cadastra, exclui, ref_cod_menu_submenu) VALUES (1, 1, 1, 579);
INSERT INTO portal.menu_funcionario (ref_ref_cod_pessoa_fj, cadastra, exclui, ref_cod_menu_submenu) VALUES (1, 1, 1, 845);
INSERT INTO portal.menu_funcionario (ref_ref_cod_pessoa_fj, cadastra, exclui, ref_cod_menu_submenu) VALUES (1, 1, 1, 587);
INSERT INTO portal.menu_funcionario (ref_ref_cod_pessoa_fj, cadastra, exclui, ref_cod_menu_submenu) VALUES (1, 1, 1, 635);
INSERT INTO portal.menu_funcionario (ref_ref_cod_pessoa_fj, cadastra, exclui, ref_cod_menu_submenu) VALUES (1, 1, 1, 583);
INSERT INTO portal.menu_funcionario (ref_ref_cod_pessoa_fj, cadastra, exclui, ref_cod_menu_submenu) VALUES (1, 1, 1, 949);
INSERT INTO portal.menu_funcionario (ref_ref_cod_pessoa_fj, cadastra, exclui, ref_cod_menu_submenu) VALUES (1, 1, 1, 577);
INSERT INTO portal.menu_funcionario (ref_ref_cod_pessoa_fj, cadastra, exclui, ref_cod_menu_submenu) VALUES (1, 1, 1, 558);
INSERT INTO portal.menu_funcionario (ref_ref_cod_pessoa_fj, cadastra, exclui, ref_cod_menu_submenu) VALUES (1, 1, 1, 563);
INSERT INTO portal.menu_funcionario (ref_ref_cod_pessoa_fj, cadastra, exclui, ref_cod_menu_submenu) VALUES (1, 1, 1, 580);
INSERT INTO portal.menu_funcionario (ref_ref_cod_pessoa_fj, cadastra, exclui, ref_cod_menu_submenu) VALUES (1, 1, 1, 568);
INSERT INTO portal.menu_funcionario (ref_ref_cod_pessoa_fj, cadastra, exclui, ref_cod_menu_submenu) VALUES (1, 1, 1, 575);
INSERT INTO portal.menu_funcionario (ref_ref_cod_pessoa_fj, cadastra, exclui, ref_cod_menu_submenu) VALUES (1, 1, 1, 586);
INSERT INTO portal.menu_funcionario (ref_ref_cod_pessoa_fj, cadastra, exclui, ref_cod_menu_submenu) VALUES (1, 1, 1, 570);
INSERT INTO portal.menu_funcionario (ref_ref_cod_pessoa_fj, cadastra, exclui, ref_cod_menu_submenu) VALUES (1, 1, 1, 945);
INSERT INTO portal.menu_funcionario (ref_ref_cod_pessoa_fj, cadastra, exclui, ref_cod_menu_submenu) VALUES (1, 1, 1, 625);
INSERT INTO portal.menu_funcionario (ref_ref_cod_pessoa_fj, cadastra, exclui, ref_cod_menu_submenu) VALUES (1, 1, 1, 592);
INSERT INTO portal.menu_funcionario (ref_ref_cod_pessoa_fj, cadastra, exclui, ref_cod_menu_submenu) VALUES (1, 1, 1, 594);
INSERT INTO portal.menu_funcionario (ref_ref_cod_pessoa_fj, cadastra, exclui, ref_cod_menu_submenu) VALUES (1, 1, 1, 591);
INSERT INTO portal.menu_funcionario (ref_ref_cod_pessoa_fj, cadastra, exclui, ref_cod_menu_submenu) VALUES (1, 1, 1, 603);
INSERT INTO portal.menu_funcionario (ref_ref_cod_pessoa_fj, cadastra, exclui, ref_cod_menu_submenu) VALUES (1, 1, 1, 593);
INSERT INTO portal.menu_funcionario (ref_ref_cod_pessoa_fj, cadastra, exclui, ref_cod_menu_submenu) VALUES (1, 1, 1, 629);
INSERT INTO portal.menu_funcionario (ref_ref_cod_pessoa_fj, cadastra, exclui, ref_cod_menu_submenu) VALUES (1, 1, 1, 628);
INSERT INTO portal.menu_funcionario (ref_ref_cod_pessoa_fj, cadastra, exclui, ref_cod_menu_submenu) VALUES (1, 1, 1, 622);
INSERT INTO portal.menu_funcionario (ref_ref_cod_pessoa_fj, cadastra, exclui, ref_cod_menu_submenu) VALUES (1, 1, 1, 595);
INSERT INTO portal.menu_funcionario (ref_ref_cod_pessoa_fj, cadastra, exclui, ref_cod_menu_submenu) VALUES (1, 1, 1, 610);
INSERT INTO portal.menu_funcionario (ref_ref_cod_pessoa_fj, cadastra, exclui, ref_cod_menu_submenu) VALUES (1, 1, 1, 606);
INSERT INTO portal.menu_funcionario (ref_ref_cod_pessoa_fj, cadastra, exclui, ref_cod_menu_submenu) VALUES (1, 1, 1, 608);
INSERT INTO portal.menu_funcionario (ref_ref_cod_pessoa_fj, cadastra, exclui, ref_cod_menu_submenu) VALUES (1, 1, 1, 590);
INSERT INTO portal.menu_funcionario (ref_ref_cod_pessoa_fj, cadastra, exclui, ref_cod_menu_submenu) VALUES (1, 1, 1, 600);
INSERT INTO portal.menu_funcionario (ref_ref_cod_pessoa_fj, cadastra, exclui, ref_cod_menu_submenu) VALUES (1, 1, 1, 607);
INSERT INTO portal.menu_funcionario (ref_ref_cod_pessoa_fj, cadastra, exclui, ref_cod_menu_submenu) VALUES (1, 1, 1, 598);
INSERT INTO portal.menu_funcionario (ref_ref_cod_pessoa_fj, cadastra, exclui, ref_cod_menu_submenu) VALUES (1, 1, 1, 609);
INSERT INTO portal.menu_funcionario (ref_ref_cod_pessoa_fj, cadastra, exclui, ref_cod_menu_submenu) VALUES (1, 1, 1, 602);
INSERT INTO portal.menu_funcionario (ref_ref_cod_pessoa_fj, cadastra, exclui, ref_cod_menu_submenu) VALUES (1, 1, 1, 596);
INSERT INTO portal.menu_funcionario (ref_ref_cod_pessoa_fj, cadastra, exclui, ref_cod_menu_submenu) VALUES (1, 1, 1, 597);
INSERT INTO portal.menu_funcionario (ref_ref_cod_pessoa_fj, cadastra, exclui, ref_cod_menu_submenu) VALUES (1, 0, 0, 345);
INSERT INTO portal.menu_funcionario (ref_ref_cod_pessoa_fj, cadastra, exclui, ref_cod_menu_submenu) VALUES (1, 0, 0, 343);
INSERT INTO portal.menu_funcionario (ref_ref_cod_pessoa_fj, cadastra, exclui, ref_cod_menu_submenu) VALUES (1, 0, 0, 341);
INSERT INTO portal.menu_funcionario (ref_ref_cod_pessoa_fj, cadastra, exclui, ref_cod_menu_submenu) VALUES (1, 0, 0, 999613);
INSERT INTO portal.menu_funcionario (ref_ref_cod_pessoa_fj, cadastra, exclui, ref_cod_menu_submenu) VALUES (1, 1, 1, 950);
INSERT INTO portal.menu_funcionario (ref_ref_cod_pessoa_fj, cadastra, exclui, ref_cod_menu_submenu) VALUES (1, 1, 1, 21235);
INSERT INTO portal.menu_funcionario (ref_ref_cod_pessoa_fj, cadastra, exclui, ref_cod_menu_submenu) VALUES (1, 1, 1, 21236);
INSERT INTO portal.menu_funcionario (ref_ref_cod_pessoa_fj, cadastra, exclui, ref_cod_menu_submenu) VALUES (1, 1, 1, 21237);
INSERT INTO portal.menu_funcionario (ref_ref_cod_pessoa_fj, cadastra, exclui, ref_cod_menu_submenu) VALUES (1, 1, 1, 21238);
INSERT INTO portal.menu_funcionario (ref_ref_cod_pessoa_fj, cadastra, exclui, ref_cod_menu_submenu) VALUES (1, 1, 1, 21239);
INSERT INTO portal.menu_funcionario (ref_ref_cod_pessoa_fj, cadastra, exclui, ref_cod_menu_submenu) VALUES (1, 1, 1, 21240);
